Workbook

Sheet Appointments
A1: appointment_id | B1: patient_id | C1: doctor_id | D1: appointment_date | E1: booking_date | F1: department | G1: status | H1: waiting_days | I1: appointment_time
A2: A00001 | B2: P0589 | C2: D014 | D2: 45913 | E2: 45877 | F2: Dermatology | G2: Attended | H2: 36 | I2: 09:00
A3: A00002 | B3: P0572 | C3: D025 | D3: 45746 | E3: 45707 | F3: Orthopedics | G3: Attended | H3: 39 | I3: 14:00
A4: A00003 | B4: P0501 | C4: D023 | D4: 45809 | E4: 45784 | F4: Pediatrics | G4: No-show | H4: 25 | I4: 09:00
A5: A00004 | B5: P0070 | C5: D011 | D5: 45921 | E5: 45919 | F5: ENT | G5: No-show | H5: 2 | I5: 09:00
A6: A00005 | B6: P0319 | C6: D008 | D6: 46007 | E6: 45952 | F6: General Medicine | G6: Attended | H6: 55 | I6: 13:30
A7: A00006 | B7: P0315 | C7: D028 | D7: 45867 | E7: 45855 | F7: Pediatrics | G7: Attended | H7: 12 | I7: 10:30
A8: A00007 | B8: P0415 | C8: D016 | D8: 45756 | E8: 45697 | F8: Cardiology | G8: Attended | H8: 59 | I8: 08:30
A9: A00008 | B9: P0550 | C9: D004 | D9: 45912 | E9: 45856 | F9: Ophthalmology | G9: No-show | H9: 56 | I9: 16:00
A10: A00009 | B10: P0209 | C10: D007 | D10: 45908 | E10: 45907 | F10: Orthopedics | G10: No-show | H10: 1 | I10: 16:00
A11: A00010 | B11: P0363 | C11: D024 | D11: 45893 | E11: 45848 | F11: Neurology | G11: Cancelled | H11: 45 | I11: 13:30
A12: A00011 | B12: P0172 | C12: D026 | D12: 45674 | E12: 45636 | F12: General Medicine | G12: No-show | H12: 38 | I12: 13:30
A13: A00012 | B13: P0137 | C13: D026 | D13: 45915 | E13: 45901 | F13: General Medicine | G13: No-show | H13: 14 | I13: 15:30
... A217: A00216 | B217: P0116 | C217: D026 | D217: 45927 | E217: 45904 | F217: General Medicine | G217: No-show | H217: 23 | I217: 09:00
A218: A00217 | B218: P0335 | C218: D003 | D218: 45753 | E218: 45753 | F218: Orthopedics | H218: 0 | I218: 14:00
A219: A00218 | B219: P0234 | C219: D018 | D219: 45981 | E219: 45949 | F219: Neurology | G219: Attended | H219: 32 | I219: 14:00
A220: A00219 | B220: P0462 | C220: D022 | D220: 45738 | E220: 45727 | F220: Pediatrics | H220: 11 | I220: 09:00
A221: A00220 | B221: P0261 | C221: D001 | D221: 45996 | E221: 45996 | F221: ENT | G221: Attended | H221: 0 | I221: 13:30
A222: A00221 | B222: P0648 | C222: D017 | D222: 45699 | E222: 45692 | F222: ENT | G222: Cancelled | H222: 7 | I222: 14:00
A223: A00222 | B223: P0195 | C223: D026 | D223: 45898 | E223: 45881 | F223: General Medicine | G223: Attended | H223: 17 | I223: 09:00
A224: A00223 | B224: P0235 | C224: D008 | D224: 45664 | E224: 45633 | F224: General Medicine | G224: Attended | H224: 31 | I224: 11:00
A225: A00224 | B225: P0003 | C225: D025 | D225: 45730 | E225: 45670 | F225: Orthopedics | G225: Cancelled | H225: 60 | I225: 10:30
A226: A00225 | B226: P0161 | C226: D027 | D226: 45805 | E226: 45792 | F226: ENT | G226: No-show | H226: 13 | I226: 16:00
A227: A00226 | B227: P0154 | C227: D018 | D227: 45689 | E227: 45686 | F227: Neurology | G227: Attended | H227: 3 | I227: 11:00
A228: A00227 | B228: P0496 | C228: D018 | D228: 45824 | E228: 45813 | F228: Neurology | G228: Attended | H228: 11 | I228: 15:30
A229: A00228 | B229: P0220 | C229: D015 | D229: 45742 | E229: 45723 | F229: Cardiology | G229: No-show | H229: 19 | I229: 16:00
A230: A00229 | B230: P0133 | C230: D012 | D230: 45694 | E230: 45682 | F230: Dermatology | G230: No-show | H230: 12 | I230: 09:00
A231: A00230 | B231: P0204 | C231: D013 | D231: 46009 | E231: 45990 | F231: Dermatology | G231: Attended | H231: 19 | I231: 16:00
A232: A00231 | B232: P0366 | C232: D015 | D232: 46016 | E232: 45957 | F232: Cardiology | G232: Attended | H232: 59 | I232: 08:30
... A308: A00307 | B308: P0459 | C308: D017 | D308: 45979 | E308: 45961 | F308: ENT | G308: Attended | H308: 18 | I308: 15:30
A309: A00308 | B309: P0622 | C309: D027 | D309: 45733 | E309: 45681 | F309: ENT | H309: 52 | I309: 10:30
A310: A00309 | B310: P0392 | C310: D022 | D310: 46000 | E310: 45973 | F310: Pediatrics | G310: Cancelled | H310: 27 | I310: 10:30
A311: A00310 | B311: P0130 | C311: D009 | D311: 45888 | E311: 45873 | F311: Neurology | G311: No-show | H311: 15 | I311: 11:00
A312: A00311 | B312: P0215 | C312: D025 | D312: 45924 | E312: 45880 | F312: Orthopedics | G312: Attended | H312: 44 | I312: 14:00
A313: A00312 | B313: P0121 | C313: D012 | D313: 45934 | E313: 45927 | F313: Dermatology | G313: Attended | H313: 7 | I313: 10:30
A314: A00313 | B314: P0216 | C314: D022 | D314: 45719 | E314: 45695 | F314: Pediatrics | G314: No-show | H314: 24 | I314: 08:30
A315: A00314 | B315: P0579 | C315: D028 | D315: 45930 | E315: 45883 | F315: Pediatrics | G315: No-show | H315: 47 | I315: 11:00
A316: A00315 | B316: P0124 | C316: D023 | D316: 45735 | E316: 45688 | F316: Pediatrics | G316: Attended | H316: 47 | I316: 13:30
A317: A00316 | B317: P0580 | C317: D004 | D317: 45757 | E317: 45742 | F317: Ophthalmology | G317: Attended | H317: 15 | I317: 13:30
A318: A00317 | B318: P0186 | C318: D006 | D318: 45700 | E318: 45690 | F318: Pediatrics | G318: Attended | H318: 10 | I318: 09:00
A319: A00318 | B319: P0325 | C319: D023 | D319: 45724 | E319: 45723 | F319: Pediatrics | G319: Attended | H319: 1 | I319: 15:30
A320: A00319 | B320: P0344 | C320: D004 | D320: 46015 | E320: 46010 | F320: Ophthalmology | G320: Attended | H320: 5 | I320: 14:00
A321: A00320 | B321: P0082 | C321: D001 | D321: 45777 | E321: 45727 | F321: ENT | G321: Attended | H321: 50 | I321: 14:00
... A620: A00619 | B620: P0617 | C620: D028 | D620: 45794 | E620: 45760 | F620: Pediatrics | G620: Attended | H620: 34 | I620: 08:30
A621: A00620 | B621: P0274 | C621: D017 | D621: 45966 | E621: 45924 | F621: ENT | H621: 42 | I621: 09:00
A622: A00621 | B622: P0036 | C622: D010 | D622: 46005 | E622: 46004 | F622: Cardiology | G622: No-show | H622: 1 | I622: 09:00
A623: A00622 | B623: P0198 | C623: D002 | D623: 45865 | E623: 45855 | F623: Pediatrics | G623: No-show | H623: 10 | I623: 16:00
A624: A00623 | B624: P0354 | C624: D020 | D624: 45695 | E624: 45671 | F624: Cardiology | G624: Attended | H624: 24 | I624: 15:30
A625: A00624 | B625: P0248 | C625: D023 | D625: 45763 | E625: 45755 | F625: Pediatrics | G625: Attended | H625: 8 | I625: 16:00
A626: A00625 | B626: P0002 | C626: D016 | D626: 45826 | E626: 45805 | F626: Cardiology | G626: Attended | H626: 21 | I626: 11:00
A627: A00626 | B627: P0644 | C627: D026 | D627: 45914 | E627: 45906 | F627: General Medicine | H627: 8 | I627: 10:30
A628: A00627 | B628: P0198 | C628: D009 | D628: 45902 | E628: 45848 | F628: Neurology | G628: No-show | H628: 54 | I628: 11:00
A629: A00628 | B629: P0403 | C629: D002 | D629: 45957 | E629: 45921 | F629: Pediatrics | G629: Attended | H629: 36 | I629: 15:30
A630: A00629 | B630: P0616 | C630: D018 | D630: 45668 | E630: 45648 | F630: Neurology | G630: No-show | H630: 20 | I630: 10:30
A631: A00630 | B631: P0355 | C631: D004 | D631: 45827 | E631: 45780 | F631: Ophthalmology | G631: No-show | H631: 47 | I631: 14:00
A632: A00631 | B632: P0452 | C632: D003 | D632: 45913 | E632: 45912 | F632: Orthopedics | G632: Attended | H632: 1 | I632: 09:00
A633: A00632 | B633: P0024 | C633: D020 | D633: 46018 | E633: 45982 | F633: Cardiology | G633: Attended | H633: 36 | I633: 16:00
A634: A00633 | B634: P0453 | C634: D013 | D634: 45709 | E634: 45668 | F634: Dermatology | G634: Attended | H634: 41 | I634: 14:00
A635: A00634 | B635: P0552 | C635: D017 | D635: 45978 | E635: 45929 | F635: ENT | G635: Attended | H635: 49 | I635: 16:00
A636: A00635 | B636: P0597 | C636: D021 | D636: 45660 | E636: 45647 | F636: ENT | G636: Cancelled | H636: 13 | I636: 10:30
A637: A00636 | B637: P0055 | C637: D011 | D637: 45729 | E637: 45693 | F637: ENT | G637: Attended | H637: 36 | I637: 13:30
A638: A00637 | B638: P0149 | C638: D018 | D638: 45967 | E638: 45921 | F638: Neurology | G638: Attended | H638: 46 | I638: 10:30
A639: A00638 | B639: P0031 | C639: D016 | D639: 45945 | E639: 45897 | F639: Cardiology | G639: Attended | H639: 48 | I639: 11:00
... A653: A00652 | B653: P0508 | C653: D016 | D653: 45675 | E653: 45664 | F653: Cardiology | G653: Attended | H653: 11 | I653: 16:00
A654: A00653 | B654: P0552 | C654: D006 | D654: 45773 | E654: 45755 | F654: Pediatrics | H654: 18 | I654: 09:00
A655: A00654 | B655: P0343 | C655: D011 | D655: 45821 | E655: 45768 | F655: ENT | G655: Cancelled | H655: 53 | I655: 09:00
A656: A00655 | B656: P0266 | C656: D022 | D656: 45801 | E656: 45801 | F656: Pediatrics | G656: Attended | H656: 0 | I656: 16:00
A657: A00656 | B657: P0114 | C657: D026 | D657: 45989 | E657: 45931 | F657: General Medicine | G657: No-show | H657: 58 | I657: 14:00
A658: A00657 | B658: P0595 | C658: D027 | D658: 45985 | E658: 45927 | F658: ENT | G658: Attended | H658: 58 | I658: 13:30
A659: A00658 | B659: P0258 | C659: D011 | D659: 45917 | E659: 45902 | F659: ENT | G659: Cancelled | H659: 15 | I659: 15:30
A660: A00659 | B660: P0498 | C660: D014 | D660: 45786 | E660: 45767 | F660: Dermatology | G660: No-show | H660: 19 | I660: 08:30
A661: A00660 | B661: P0407 | C661: D015 | D661: 45676 | E661: 45664 | F661: Cardiology | G661: Attended | H661: 12 | I661: 13:30
A662: A00661 | B662: P0606 | C662: D002 | D662: 45933 | E662: 45899 | F662: Pediatrics | G662: Attended | H662: 34 | I662: 13:30
A663: A00662 | B663: P0633 | C663: D004 | D663: 45980 | E663: 45967 | F663: Ophthalmology | G663: Attended | H663: 13 | I663: 16:00
A664: A00663 | B664: P0460 | C664: D002 | D664: 45836 | E664: 45788 | F664: Pediatrics | G664: Attended | H664: 48 | I664: 11:00
A665: A00664 | B665: P0431 | C665: D021 | D665: 45959 | E665: 45936 | F665: ENT | G665: Attended | H665: 23 | I665: 13:30
A666: A00665 | B666: P0090 | C666: D007 | D666: 45997 | E666: 45938 | F666: Orthopedics | G666: No-show | H666: 59 | I666: 15:30
... A699: A00698 | B699: P0129 | C699: D004 | D699: 45881 | E699: 45871 | F699: Ophthalmology | G699: Attended | H699: 10 | I699: 16:00
A700: A00699 | B700: P0580 | C700: D015 | D700: 45831 | E700: 45811 | F700: Cardiology | H700: 20 | I700: 08:30
A701: A00700 | B701: P0583 | C701: D011 | D701: 45928 | E701: 45899 | F701: ENT | G701: Attended | H701: 29 | I701: 09:00
A702: A00701 | B702: P0117 | C702: D014 | D702: 45716 | E702: 45708 | F702: Dermatology | G702: No-show | H702: 8 | I702: 10:30
A703: A00702 | B703: P0634 | C703: D026 | D703: 45920 | E703: 45876 | F703: General Medicine | G703: Attended | H703: 44 | I703: 09:00
A704: A00703 | B704: P0171 | C704: D008 | D704: 45676 | E704: 45660 | F704: General Medicine | G704: No-show | H704: 16 | I704: 16:00
A705: A00704 | B705: P0034 | C705: D025 | D705: 45689 | E705: 45632 | F705: Orthopedics | G705: No-show | H705: 57 | I705: 08:30
A706: A00705 | B706: P0259 | C706: D006 | D706: 45922 | E706: 45874 | F706: Pediatrics | G706: No-show | H706: 48 | I706: 08:30
A707: A00706 | B707: P0518 | C707: D010 | D707: 45715 | E707: 45677 | F707: Cardiology | G707: No-show | H707: 38 | I707: 11:00
A708: A00707 | B708: P0549 | C708: D001 | D708: 45939 | E708: 45932 | F708: ENT | G708: Attended | H708: 7 | I708: 10:30
A709: A00708 | B709: P0420 | C709: D020 | D709: 45706 | E709: 45705 | F709: Cardiology | G709: Attended | H709: 1 | I709: 10:30
A710: A00709 | B710: P0528 | C710: D025 | D710: 45711 | E710: 45703 | F710: Orthopedics | G710: Attended | H710: 8 | I710: 13:30
A711: A00710 | B711: P0170 | C711: D025 | D711: 45998 | E711: 45968 | F711: Orthopedics | G711: Attended | H711: 30 | I711: 13:30
A712: A00711 | B712: P0572 | C712: D005 | D712: 45722 | E712: 45675 | F712: General Medicine | G712: No-show | H712: 47 | I712: 15:30
... A800: A00799 | B800: P0451 | C800: D018 | D800: 45889 | E800: 45847 | F800: Neurology | G800: Attended | H800: 42 | I800: 15:30
A801: A00800 | B801: P0332 | C801: D025 | D801: 45813 | E801: 45792 | F801: Orthopedics | H801: 21 | I801: 08:30
A802: A00801 | B802: P0087 | C802: D001 | D802: 45871 | E802: 45818 | F802: ENT | G802: Attended | H802: 53 | I802: 10:30
A803: A00802 | B803: P0453 | C803: D015 | D803: 45735 | E803: 45698 | F803: Cardiology | G803: Attended | H803: 37 | I803: 11:00
A804: A00803 | B804: P0613 | C804: D003 | D804: 45687 | E804: 45637 | F804: Orthopedics | G804: Attended | H804: 50 | I804: 08:30
A805: A00804 | B805: P0043 | C805: D005 | D805: 45981 | E805: 45964 | F805: General Medicine | G805: Attended | H805: 17 | I805: 15:30
A806: A00805 | B806: P0537 | C806: D014 | D806: 45815 | E806: 45815 | F806: Dermatology | G806: Attended | H806: 0 | I806: 09:00
A807: A00806 | B807: P0225 | C807: D010 | D807: 45789 | E807: 45781 | F807: Cardiology | G807: No-show | H807: 8 | I807: 09:00
A808: A00807 | B808: P0259 | C808: D003 | D808: 45762 | E808: 45730 | F808: Orthopedics | G808: Attended | H808: 32 | I808: 10:30
...

Sheet Patients
A1: patient_id | B1: age_group | C1: locality | D1: previous_visits | E1: previous_attendance_rate
A2: P0001 | B2: 45-59 | C2: Urban | D2: 3 | E2: 0.86
A3: P0002 | B3: 30-44 | C3: Rural | D3: 4 | E3: 0.88
A4: P0003 | B4: 60+ | C4: Suburban | D4: 4 | E4: 0.8
A5: P0004 | B5: 45-59 | C5: Urban | D5: 1 | E5: 0.95
A6: P0005 | B6: 0-17 | C6: Rural | D6: 1 | E6: 0.38
A7: P0006 | B7: 60+ | C7: Urban | D7: 4 | E7: 0.47
A8: P0007 | B8: 45-59 | C8: Rural | D8: 5 | E8: 0.84
A9: P0008 | B9: 45-59 | C9: Urban | D9: 6 | E9: 0.84
A10: P0009 | B10: 18-29 | C10: Suburban | D10: 4 | E10: 0.91
A11: P0010 | B11: 30-44 | C11: Urban | D11: 6 | E11: 0.93
A12: P0011 | B12: 30-44 | C12: Urban | D12: 4 | E12: 0.78
A13: P0012 | B13: 60+ | C13: Rural | D13: 2 | E13: 0.84
... A651: P0650 | B651: 0-17 | C651: Urban | D651: 2 | E651: 0.82

Sheet Doctors
A1: doctor_id | B1: specialty | C1: department | D1: clinic_schedule | E1: appointments_per_day_capacity
A2: D001 | B2: ENT Specialist | C2: ENT | D2: Mon-Sat AM | E2: 20
A3: D002 | B3: Pediatrician | C3: Pediatrics | D3: Mon-Sat AM | E3: 15
A4: D003 | B4: Orthopedic Surgeon | C4: Orthopedics | D4: Tue-Sat PM | E4: 12
A5: D004 | B5: Ophthalmologist | C5: Ophthalmology | D5: Mon-Fri PM | E5: 18
A6: D005 | B6: General Physician | C6: General Medicine | D6: Mon-Fri AM | E6: 12
A7: D006 | B7: Pediatrician | C7: Pediatrics | D7: Mon-Fri PM | E7: 15
A8: D007 | B8: Orthopedic Surgeon | C8: Orthopedics | D8: Mon-Sat AM | E8: 18
A9: D008 | B9: General Physician | C9: General Medicine | D9: Tue-Sat PM | E9: 18
A10: D009 | B10: Neurologist | C10: Neurology | D10: Mon-Fri PM | E10: 18
A11: D010 | B11: Cardiologist | C11: Cardiology | D11: Mon-Sat AM | E11: 20
A12: D011 | B12: ENT Specialist | C12: ENT | D12: Tue-Sat PM | E12: 12
A13: D012 | B13: Dermatologist | C13: Dermatology | D13: Tue-Sat PM | E13: 20
... A29: D028 | B29: Pediatrician | C29: Pediatrics | D29: Tue-Sat PM | E29: 20

Sheet Reminders
A1: reminder_id | B1: appointment_id | C1: reminder_type | D1: sent_status | E1: response | F1: sent_date
A2: R00001 | B2: A00001 | C2: SMS | D2: Yes | E2: Confirmed | F2: 45910
A3: R00002 | B3: A00002 | C3: SMS | D3: Yes | E3: No Response | F3: 45745
A4: R00003 | B4: A00003 | C4: SMS | D4: Yes | E4: Confirmed | F4: 45808
A5: R00004 | B5: A00004 | C5: SMS | D5: Yes | E5: No Response | F5: 45920
A6: R00005 | B6: A00005 | C6: Phone Call | D6: Yes | E6: Confirmed | F6: 46005
A7: R00006 | B7: A00006 | C7: SMS | D7: No | E7: Unknown
A8: R00007 | B8: A00007 | C8: SMS | D8: Yes | E8: Confirmed | F8: 45753
A9: R00008 | B9: A00008 | D9: Not Required | E9: No Response
A10: R00009 | B10: A00009 | C10: Email | D10: Yes | E10: No Response | F10: 45905
A11: R00010 | B11: A00010 | C11: SMS | D11: Yes | E11: Confirmed | F11: 45891
A12: R00011 | B12: A00011 | C12: SMS | D12: Yes | E12: Confirmed | F12: 45672
A13: R00012 | B13: A00012 | C13: SMS | D13: Yes | E13: Confirmed | F13: 45912
A14: R00013 | B14: A00013 | C14: SMS | D14: Yes | E14: No Response | F14: 45663
A15: R00014 | B15: A00014 | C15: SMS | D15: No | E15: Unknown
A16: R00015 | B16: A00015 | C16: SMS | D16: Yes | E16: Confirmed | F16: 45976
A17: R00016 | B17: A00016 | D17: Not Required | E17: No Response
A18: R00017 | B18: A00017 | D18: Not Required | E18: No Response
A19: R00018 | B19: A00018 | C19: Email | D19: Yes | E19: Cancelled | F19: 45680
A20: R00019 | B20: A00019 | C20: Phone Call | D20: Yes | E20: Confirmed | F20: 45975
A21: R00020 | B21: A00020 | C21: Email | D21: Yes | E21: Confirmed | F21: 45753
A22: R00021 | B22: A00021 | C22: Email | D22: Yes | E22: Cancelled | F22: 45750
A23: R00022 | B23: A00022 | D23: Not Required | E23: No Response
A24: R00023 | B24: A00023 | C24: Email | D24: No | E24: Unknown
A25: R00024 | B25: A00024 | C25: Email | D25: Yes | E25: Confirmed | F25: 45836
A26: R00025 | B26: A00025 | D26: Not Required | E26: No Response
A27: R00026 | B27: A00026 | C27: Phone Call | D27: Yes | E27: No Response | F27: 45856
A28: R00027 | B28: A00027 | C28: SMS | D28: Yes | E28: No Response | F28: 45762
A29: R00028 | B29: A00028 | C29: SMS | D29: Yes | E29: No Response | F29: 45872
A30: R00029 | B30: A00029 | C30: SMS | D30: Yes | E30: No Response | F30: 46007
A31: R00030 | B31: A00030 | C31: SMS | D31: Yes | E31: Confirmed | F31: 45794
A32: R00031 | B32: A00031 | C32: SMS | D32: Yes | E32: Confirmed | F32: 45937
A33: R00032 | B33: A00032 | C33: SMS | D33: Yes | E33: No Response | F33: 45939
A34: R00033 | B34: A00033 | C34: SMS | D34: Yes | E34: Confirmed | F34: 45966
A35: R00034 | B35: A00034 | D35: Not Required | E35: No Response
A36: R00035 | B36: A00035 | C36: SMS | D36: Yes | E36: No Response | F36: 45992
A37: R00036 | B37: A00036 | C37: SMS | D37: Yes | E37: No Response | F37: 45916
A38: R00037 | B38: A00037 | C38: SMS | D38: No | E38: Unknown
A39: R00038 | B39: A00038 | C39: SMS | D39: Yes | E39: Cancelled | F39: 45918
A40: R00039 | B40: A00039 | C40: Email | D40: Yes | E40: No Response | F40: 45960
A41: R00040 | B41: A00040 | C41: Phone Call | D41: Yes | E41: Confirmed | F41: 45980
A42: R00041 | B42: A00041 | C42: SMS | D42: Yes | E42: Confirmed | F42: 46013
A43: R00042 | B43: A00042 | C43: Phone Call | D43: Yes | E43: Confirmed | F43: 45874
A44: R00043 | B44: A00043 | C44: SMS | D44: Yes | E44: No Response | F44: 45914
A45: R00044 | B45: A00044 | C45: Email | D45: Yes | E45: Confirmed | F45: 46008
A46: R00045 | B46: A00045 | D46: Not Required | E46: No Response
A47: R00046 | B47: A00046 | D47: Not Required | E47: No Response
A48: R00047 | B48: A00047 | C48: SMS | D48: Yes | E48: Confirmed | F48: 45978
A49: R00048 | B49: A00048 | C49: Email | D49: Yes | E49: Confirmed | F49: 45886
A50: R00049 | B50: A00049 | C50: Email | D50: No | E50: Unknown
A51: R00050 | B51: A00050 | D51: Not Required | E51: No Response
A52: R00051 | B52: A00051 | C52: SMS | D52: Yes | E52: Confirmed | F52: 45666
A53: R00052 | B53: A00052 | C53: SMS | D53: Yes | E53: Confirmed | F53: 45830
A54: R00053 | B54: A00053 | C54: SMS | D54: Yes | E54: Confirmed | F54: 45752
A55: R00054 | B55: A00054 | C55: SMS | D55: Yes | E55: Confirmed | F55: 45761
A56: R00055 | B56: A00055 | C56: Phone Call | D56: Yes | E56: No Response | F56: 46010
A57: R00056 | B57: A00056 | C57: SMS | D57: Yes | E57: No Response | F57: 45857
A58: R00057 | B58: A00057 | C58: SMS | D58: Yes | E58: No Response | F58: 45706
A59: R00058 | B59: A00058 | D59: Not Required | E59: No Response
A60: R00059 | B60: A00059 | C60: Phone Call | D60: Yes | E60: No Response | F60: 45745
A61: R00060 | B61: A00060 | D61: Not Required | E61: No Response
A62: R00061 | B62: A00061 | C62: Email | D62: Yes | E62: Confirmed | F62: 45763
A63: R00062 | B63: A00062 | D63: Not Required | E63: No Response
A64: R00063 | B64: A00063 | C64: Email | D64: Yes | E64: Confirmed | F64: 45777
A65: R00064 | B65: A00064 | C65: SMS | D65: Yes | E65: Confirmed | F65: 45721
A66: R00065 | B66: A00065 | C66: SMS | D66: Yes | E66: Confirmed | F66: 45940
A67: R00066 | B67: A00066 | D67: Not Required | E67: No Response
A68: R00067 | B68: A00067 | C68: SMS | D68: Yes | E68: Confirmed | F68: 45815
A69: R00068 | B69: A00068 | C69: SMS | D69: Yes | F69: 45799
A70: R00069 | B70: A00069 | C70: Phone Call | D70: Yes | E70: No Response | F70: 45899
A71: R00070 | B71: A00070 | C71: SMS | D71: Yes | E71: Confirmed | F71: 45691
A72: R00071 | B72: A00071 | C72: SMS | D72: Yes | E72: Confirmed | F72: 45996
A73: R00072 | B73: A00072 | C73: SMS | D73: Yes | E73: Cancelled | F73: 45862
A74: R00073 | B74: A00073 | C74: SMS | D74: Yes | E74: No Response | F74: 45738
A75: R00074 | B75: A00074 | C75: Email | D75: Yes | E75: No Response | F75: 45851
A76: R00075 | B76: A00075 | C76: SMS | D76: Yes | E76: No Response | F76: 45967
A77: R00076 | B77: A00076 | C77: Phone Call | D77: No | E77: Unknown
A78: R00077 | B78: A00077 | C78: SMS | D78: Yes | E78: No Response | F78: 45846
A79: R00078 | B79: A00078 | C79: Phone Call | D79: Yes | E79: Cancelled | F79: 45873
A80: R00079 | B80: A00079 | C80: SMS | D80: Yes | E80: No Response | F80: 45952
A81: R00080 | B81: A00080 | C81: SMS | D81: Yes | E81: Confirmed | F81: 45863
A82: R00081 | B82: A00081 | D82: Not Required | E82: No Response
A83: R00082 | B83: A00082 | C83: SMS | D83: Yes | E83: Confirmed | F83: 45938
A84: R00083 | B84: A00083 | C84: Email | D84: Yes | E84: No Response | F84: 45981
A85: R00084 | B85: A00084 | C85: SMS | D85: Yes | E85: Cancelled | F85: 45786
A86: R00085 | B86: A00085 | C86: SMS | D86: Yes | E86: Confirmed | F86: 45913
A87: R00086 | B87: A00086 | C87: SMS | D87: Yes | E87: No Response | F87: 45746
A88: R00087 | B88: A00087 | D88: Not Required | E88: No Response
A89: R00088 | B89: A00088 | C89: SMS | D89: Yes | E89: Cancelled | F89: 46003
A90: R00089 | B90: A00089 | C90: SMS | D90: No | E90: Unknown
A91: R00090 | B91: A00090 | C91: Phone Call | D91: No | E91: Unknown
A92: R00091 | B92: A00091 | C92: SMS | D92: Yes | E92: Confirmed | F92: 45957
A93: R00092 | B93: A00092 | C93: Email | D93: Yes | E93: No Response | F93: 45664
A94: R00093 | B94: A00093 | D94: Not Required | E94: No Response
A95: R00094 | B95: A00094 | C95: Phone Call | D95: Yes | E95: Confirmed | F95: 45955
A96: R00095 | B96: A00095 | C96: SMS | D96: Yes | E96: Confirmed | F96: 45974
A97: R00096 | B97: A00096 | C97: SMS | D97: Yes | E97: No Response | F97: 45728
A98: R00097 | B98: A00097 | D98: Not Required | E98: No Response
A99: R00098 | B99: A00098 | C99: Phone Call | D99: Yes | E99: No Response | F99: 45943
A100: R00099 | B100: A00099 | C100: SMS | D100: Yes | E100: No Response | F100: 45657
...

Sheet Calendar
A1: date | B1: weekday | C1: is_weekend | D1: is_holiday | E1: season
A2: 45658 | B2: Wednesday | C2: FALSE | D2: TRUE | E2: Winter
A3: 45659 | B3: Thursday | C3: FALSE | D3: FALSE | E3: Winter
A4: 45660 | B4: Friday | C4: FALSE | D4: FALSE | E4: Winter
A5: 45661 | B5: Saturday | C5: TRUE | D5: FALSE | E5: Winter
A6: 45662 | B6: Sunday | C6: TRUE | D6: FALSE | E6: Winter
A7: 45663 | B7: Monday | C7: FALSE | D7: FALSE | E7: Winter
A8: 45664 | B8: Tuesday | C8: FALSE | D8: FALSE | E8: Winter
A9: 45665 | B9: Wednesday | C9: FALSE | D9: FALSE | E9: Winter
A10: 45666 | B10: Thursday | C10: FALSE | D10: FALSE | E10: Winter
A11: 45667 | B11: Friday | C11: FALSE | D11: FALSE | E11: Winter
A12: 45668 | B12: Saturday | C12: TRUE | D12: FALSE | E12: Winter
A13: 45669 | B13: Sunday | C13: TRUE | D13: FALSE | E13: Winter
... A366: 46022 | B366: Wednesday | C366: FALSE | D366: FALSE | E366: Winter

Sheet Department_Analysis
A3: Count of appointment_id | B3: Column Labels
A4: Row Labels | B4: Attended | C4: Cancelled | D4: No-show | E4: (blank) | F4: Grand Total
A5: Cardiology | B5: 247 | C5: 42 | D5: 181 | E5: 2 | F5: 472
A6: Dermatology | B6: 165 | C6: 41 | D6: 123 | E6: 6 | F6: 335
A7: ENT | B7: 256 | C7: 73 | D7: 225 | E7: 7 | F7: 561
A8: General Medicine | B8: 169 | C8: 35 | D8: 132 | E8: 4 | F8: 340
A9: Neurology | B9: 168 | C9: 29 | D9: 135 | E9: 2 | F9: 334
A10: Ophthalmology | B10: 67 | C10: 13 | D10: 34 | E10: 3 | F10: 117
A11: Orthopedics | B11: 179 | C11: 47 | D11: 115 | E11: 4 | F11: 345
A12: Pediatrics | B12: 356 | C12: 81 | D12: 249 | E12: 10 | F12: 696
A13: Grand Total | B13: 1607 | C13: 361 | D13: 1194 | E13: 38 | F13: 3200

Sheet Waiting_Analysis
A3: Count of appointment_id | B3: Column Labels
A4: Row Labels | B4: Attended | C4: Cancelled | D4: No-show | E4: (blank) | F4: Grand Total
A5: 0-3 days | B5: 150 | C5: 19 | D5: 69 | E5: 6 | F5: 244
A6: 15-30 days | B6: 437 | C6: 87 | D6: 287 | E6: 10 | F6: 821
A7: 31+ days | B7: 664 | C7: 206 | D7: 646 | E7: 15 | F7: 1531
A8: 4-7 days | B8: 128 | C8: 16 | D8: 65 | F8: 209
A9: 8-14 days | B9: 228 | C9: 33 | D9: 127 | E9: 7 | F9: 395
A10: Grand Total | B10: 1607 | C10: 361 | D10: 1194 | E10: 38 | F10: 3200

Sheet Daywise_Analysis
A3: Count of appointment_id | B3: Column Labels
A4: Row Labels | B4: Attended | C4: Cancelled | D4: No-show | E4: (blank) | F4: Grand Total
A5: Sunday | B5: 219 | C5: 57 | D5: 179 | E5: 5 | F5: 460
A6: Monday | B6: 236 | C6: 50 | D6: 162 | E6: 6 | F6: 454
A7: Tuesday | B7: 219 | C7: 41 | D7: 172 | E7: 5 | F7: 437
A8: Wednesday | B8: 271 | C8: 55 | D8: 154 | E8: 7 | F8: 487
A9: Thursday | B9: 231 | C9: 51 | D9: 158 | E9: 5 | F9: 445
A10: Friday | B10: 183 | C10: 54 | D10: 194 | E10: 4 | F10: 435
A11: Saturday | B11: 248 | C11: 53 | D11: 175 | E11: 6 | F11: 482
A12: Grand Total | B12: 1607 | C12: 361 | D12: 1194 | E12: 38 | F12: 3200

Sheet Reminder_Analysis
A3: Count of appointment_id | B3: Column Labels
A4: Row Labels | B4: Attended | C4: Cancelled | D4: No-show | E4: (blank) | F4: Grand Total
A5: Email | B5: 240 | C5: 56 | D5: 155 | E5: 9 | F5: 460
A6: Phone Call | B6: 287 | C6: 60 | D6: 220 | E6: 6 | F6: 573
A7: SMS | B7: 784 | C7: 169 | D7: 535 | E7: 14 | F7: 1502
A8: (blank) | B8: 296 | C8: 76 | D8: 284 | E8: 9 | F8: 665
A9: Grand Total | B9: 1607 | C9: 361 | D9: 1194 | E9: 38 | F9: 3200

Sheet Clinic_Utilization
A3: Row Labels | B3: Count of appointment_id
A4: Cardiologist | B4: 472
A5: Dermatologist | B5: 335
A6: ENT Specialist | B6: 561
A7: General Physician | B7: 340
A8: Neurologist | B8: 334
A9: Ophthalmologist | B9: 117
A10: Orthopedic Surgeon | B10: 345
A11: Pediatrician | B11: 696
A12: Grand Total | B12: 3200

Sheet Formula_Analysis
A1: Metric | B1: Result
A2: Total Appointments | B2: =COUNTA(Combined_Data!A2:A3201) -> 3200
A3: Attended Appointments | B3: =COUNTIF(Combined_Data!G2:G3201,"Attended") -> 1607
A4: No-show Appointments | B4: =COUNTIF(Combined_Data!G2:G3201,"No-show") -> 1194
A5: Cancelled Appointments | B5: =COUNTIF(Combined_Data!G2:G3201,"Cancelled") -> 361
A6: Missing Statuses | B6: =COUNTBLANK(Combined_Data!G2:G3201) -> 38
A7: Average Waiting Days | B7: =AVERAGE(Combined_Data!H2:H3201) -> 29.329687
A8: Median Waiting Days | B8: =MEDIAN(Combined_Data!H2:H3201) -> 29
A9: No-show Rate | B9: =IFERROR(B4/(B3+B4),0) -> 0.42627633

Sheet Combined_Data
A1: appointment_id | B1: patient_id | C1: doctor_id | D1: appointment_date | E1: booking_date | F1: department | G1: status | H1: waiting_days | I1: appointment_time | J1: age_group | K1: locality | L1: previous_visits | M1: previous_attendance_rate | N1: specialty | O1: clinic_schedule | P1: appointments_per_day_capacity | Q1: reminder_type | R1: sent_status | S1: response | T1: sent_date | U1: weekday | V1: is_weekend | W1: is_holiday | X1: season | Y1: No_show_flag | Z1: Waiting_Category | AA1: Attendance_History_Group | AB1: Outcome_Group
A2: A00001 | B2: P0589 | C2: D014 | D2: 45913 | E2: 45877 | F2: Dermatology | G2: Attended | H2: 36 | I2: 09:00 | J2: 18-29 | K2: Urban | L2: 4 | M2: 0.56 | N2: Dermatologist | O2: Tue-Sat PM | P2: 15 | Q2: SMS | R2: Yes | S2: Confirmed | T2: 45910 | U2: Saturday | V2: TRUE | W2: FALSE | X2: Autumn | Y2: =IF(G2="No-show",1,IF(G2="Attended",0,"")) -> 0 | Z2: =IF(H2="","Unknown",IF(H2<=3,"0-3 days",IF(H2<=7,"4-7 days",IF(H2<=14,"8-14 days",IF(H2<=30,"15-30 days","31+ days"))))) -> 31+ days | AA2: =IF(M2="","Unknown",IF(M2<0.5,"Low",IF(M2<0.75,"Moderate",IF(M2<0.9,"Good","Very Good")))) -> Moderate | AB2: =IF(G2="Attended","Attended",IF(G2="No-show","No-show","Excluded")) -> Attended
A3: A00002 | B3: P0572 | C3: D025 | D3: 45746 | E3: 45707 | F3: Orthopedics | G3: Attended | H3: 39 | I3: 14:00 | J3: 60+ | K3: Urban | L3: 2 | M3: 0.63 | N3: Orthopedic Surgeon | O3: Mon-Fri AM | P3: 12 | Q3: SMS | R3: Yes | S3: No Response | T3: 45745 | U3: Sunday | V3: TRUE | W3: FALSE | X3: Summer | Y3: =IF(G3="No-show",1,IF(G3="Attended",0,"")) -> 0 | Z3: =IF(H3="","Unknown",IF(H3<=3,"0-3 days",IF(H3<=7,"4-7 days",IF(H3<=14,"8-14 days",IF(H3<=30,"15-30 days","31+ days"))))) -> 31+ days | AA3: =IF(M3="","Unknown",IF(M3<0.5,"Low",IF(M3<0.75,"Moderate",IF(M3<0.9,"Good","Very Good")))) -> Moderate | AB3: =IF(G3="Attended","Attended",IF(G3="No-show","No-show","Excluded")) -> Attended
A4: A00003 | B4: P0501 | C4: D023 | D4: 45809 | E4: 45784 | F4: Pediatrics | G4: No-show | H4: 25 | I4: 09:00 | J4: 45-59 | K4: Urban | L4: 5 | M4: 0.78 | N4: Pediatrician | O4: Mon-Fri PM | P4: 18 | Q4: SMS | R4: Yes | S4: Confirmed | T4: 45808 | U4: Sunday | V4: TRUE | W4: FALSE | X4: Monsoon | Y4: =IF(G4="No-show",1,IF(G4="Attended",0,"")) -> 1 | Z4: =IF(H4="","Unknown",IF(H4<=3,"0-3 days",IF(H4<=7,"4-7 days",IF(H4<=14,"8-14 days",IF(H4<=30,"15-30 days","31+ days"))))) -> 15-30 days | AA4: =IF(M4="","Unknown",IF(M4<0.5,"Low",IF(M4<0.75,"Moderate",IF(M4<0.9,"Good","Very Good")))) -> Good | AB4: =IF(G4="Attended","Attended",IF(G4="No-show","No-show","Excluded")) -> No-show
A5: A00004 | B5: P0070 | C5: D011 | D5: 45921 | E5: 45919 | F5: ENT | G5: No-show | H5: 2 | I5: 09:00 | J5: 30-44 | K5: Rural | L5: 3 | M5: 0.79 | N5: ENT Specialist | O5: Tue-Sat PM | P5: 12 | Q5: SMS | R5: Yes | S5: No Response | T5: 45920 | U5: Sunday | V5: TRUE | W5: FALSE | X5: Autumn | Y5: =IF(G5="No-show",1,IF(G5="Attended",0,"")) -> 1 | Z5: =IF(H5="","Unknown",IF(H5<=3,"0-3 days",IF(H5<=7,"4-7 days",IF(H5<=14,"8-14 days",IF(H5<=30,"15-30 days","31+ days"))))) -> 0-3 days | AA5: =IF(M5="","Unknown",IF(M5<0.5,"Low",IF(M5<0.75,"Moderate",IF(M5<0.9,"Good","Very Good")))) -> Good | AB5: =IF(G5="Attended","Attended",IF(G5="No-show","No-show","Excluded")) -> No-show
A6: A00005 | B6: P0319 | C6: D008 | D6: 46007 | E6: 45952 | F6: General Medicine | G6: Attended | H6: 55 | I6: 13:30 | J6: 18-29 | K6: Suburban | L6: 1 | M6: 0.84 | N6: General Physician | O6: Tue-Sat PM | P6: 18 | Q6: Phone Call | R6: Yes | S6: Confirmed | T6: 46005 | U6: Tuesday | V6: FALSE | W6: FALSE | X6: Winter | Y6: =IF(G6="No-show",1,IF(G6="Attended",0,"")) -> 0 | Z6: =IF(H6="","Unknown",IF(H6<=3,"0-3 days",IF(H6<=7,"4-7 days",IF(H6<=14,"8-14 days",IF(H6<=30,"15-30 days","31+ days"))))) -> 31+ days | AA6: =IF(M6="","Unknown",IF(M6<0.5,"Low",IF(M6<0.75,"Moderate",IF(M6<0.9,"Good","Very Good")))) -> Good | AB6: =IF(G6="Attended","Attended",IF(G6="No-show","No-show","Excluded")) -> Attended
A7: A00006 | B7: P0315 | C7: D028 | D7: 45867 | E7: 45855 | F7: Pediatrics | G7: Attended | H7: 12 | I7: 10:30 | J7: 30-44 | K7: Rural | L7: 4 | M7: 0.9 | N7: Pediatrician | O7: Tue-Sat PM | P7: 20 | Q7: SMS | R7: No | S7: Unknown | U7: Tuesday | V7: FALSE | W7: FALSE | X7: Monsoon | Y7: =IF(G7="No-show",1,IF(G7="Attended",0,"")) -> 0 | Z7: =IF(H7="","Unknown",IF(H7<=3,"0-3 days",IF(H7<=7,"4-7 days",IF(H7<=14,"8-14 days",IF(H7<=30,"15-30 days","31+ days"))))) -> 8-14 days | AA7: =IF(M7="","Unknown",IF(M7<0.5,"Low",IF(M7<0.75,"Moderate",IF(M7<0.9,"Good","Very Good")))) -> Very Good | AB7: =IF(G7="Attended","Attended",IF(G7="No-show","No-show","Excluded")) -> Attended
A8: A00007 | B8: P0415 | C8: D016 | D8: 45756 | E8: 45697 | F8: Cardiology | G8: Attended | H8: 59 | I8: 08:30 | J8: 0-17 | K8: Urban | L8: 2 | M8: 0.66 | N8: Cardiologist | O8: Mon-Fri PM | P8: 18 | Q8: SMS | R8: Yes | S8: Confirmed | T8: 45753 | U8: Wednesday | V8: FALSE | W8: FALSE | X8: Summer | Y8: =IF(G8="No-show",1,IF(G8="Attended",0,"")) -> 0 | Z8: =IF(H8="","Unknown",IF(H8<=3,"0-3 days",IF(H8<=7,"4-7 days",IF(H8<=14,"8-14 days",IF(H8<=30,"15-30 days","31+ days"))))) -> 31+ days | AA8: =IF(M8="","Unknown",IF(M8<0.5,"Low",IF(M8<0.75,"Moderate",IF(M8<0.9,"Good","Very Good")))) -> Moderate | AB8: =IF(G8="Attended","Attended",IF(G8="No-show","No-show","Excluded")) -> Attended
A9: A00008 | B9: P0550 | C9: D004 | D9: 45912 | E9: 45856 | F9: Ophthalmology | G9: No-show | H9: 56 | I9: 16:00 | J9: 30-44 | K9: Suburban | L9: 5 | M9: 0.82 | N9: Ophthalmologist | O9: Mon-Fri PM | P9: 18 | R9: Not Required | S9: No Response | U9: Friday | V9: FALSE | W9: FALSE | X9: Autumn | Y9: =IF(G9="No-show",1,IF(G9="Attended",0,"")) -> 1 | Z9: =IF(H9="","Unknown",IF(H9<=3,"0-3 days",IF(H9<=7,"4-7 days",IF(H9<=14,"8-14 days",IF(H9<=30,"15-30 days","31+ days"))))) -> 31+ days | AA9: =IF(M9="","Unknown",IF(M9<0.5,"Low",IF(M9<0.75,"Moderate",IF(M9<0.9,"Good","Very Good")))) -> Good | AB9: =IF(G9="Attended","Attended",IF(G9="No-show","No-show","Excluded")) -> No-show
A10: A00009 | B10: P0209 | C10: D007 | D10: 45908 | E10: 45907 | F10: Orthopedics | G10: No-show | H10: 1 | I10: 16:00 | J10: 18-29 | K10: Urban | L10: 8 | M10: 0.68 | N10: Orthopedic Surgeon | O10: Mon-Sat AM | P10: 18 | Q10: Email | R10: Yes | S10: No Response | T10: 45905 | U10: Monday | V10: FALSE | W10: FALSE | X10: Autumn | Y10: =IF(G10="No-show",1,IF(G10="Attended",0,"")) -> 1 | Z10: =IF(H10="","Unknown",IF(H10<=3,"0-3 days",IF(H10<=7,"4-7 days",IF(H10<=14,"8-14 days",IF(H10<=30,"15-30 days","31+ days"))))) -> 0-3 days | AA10: =IF(M10="","Unknown",IF(M10<0.5,"Low",IF(M10<0.75,"Moderate",IF(M10<0.9,"Good","Very Good")))) -> Moderate | AB10: =IF(G10="Attended","Attended",IF(G10="No-show","No-show","Excluded")) -> No-show
A11: A00010 | B11: P0363 | C11: D024 | D11: 45893 | E11: 45848 | F11: Neurology | G11: Cancelled | H11: 45 | I11: 13:30 | J11: 18-29 | K11: Urban | L11: 3 | M11: 0.85 | N11: Neurologist | O11: Mon-Sat AM | P11: 20 | Q11: SMS | R11: Yes | S11: Confirmed | T11: 45891 | U11: Sunday | V11: TRUE | W11: FALSE | X11: Monsoon | Y11: =IF(G11="No-show",1,IF(G11="Attended",0,"")) | Z11: =IF(H11="","Unknown",IF(H11<=3,"0-3 days",IF(H11<=7,"4-7 days",IF(H11<=14,"8-14 days",IF(H11<=30,"15-30 days","31+ days"))))) -> 31+ days | AA11: =IF(M11="","Unknown",IF(M11<0.5,"Low",IF(M11<0.75,"Moderate",IF(M11<0.9,"Good","Very Good")))) -> Good | AB11: =IF(G11="Attended","Attended",IF(G11="No-show","No-show","Excluded")) -> Excluded
A12: A00011 | B12: P0172 | C12: D026 | D12: 45674 | E12: 45636 | F12: General Medicine | G12: No-show | H12: 38 | I12: 13:30 | J12: 30-44 | K12: Suburban | L12: 5 | M12: 0.74 | N12: General Physician | O12: Mon-Sat AM | P12: 15 | Q12: SMS | R12: Yes | S12: Confirmed | T12: 45672 | U12: Friday | V12: FALSE | W12: FALSE | X12: Winter | Y12: =IF(G12="No-show",1,IF(G12="Attended",0,"")) -> 1 | Z12: =IF(H12="","Unknown",IF(H12<=3,"0-3 days",IF(H12<=7,"4-7 days",IF(H12<=14,"8-14 days",IF(H12<=30,"15-30 days","31+ days"))))) -> 31+ days | AA12: =IF(M12="","Unknown",IF(M12<0.5,"Low",IF(M12<0.75,"Moderate",IF(M12<0.9,"Good","Very Good")))) -> Moderate | AB12: =IF(G12="Attended","Attended",IF(G12="No-show","No-show","Excluded")) -> No-show
A13: A00012 | B13: P0137 | C13: D026 | D13: 45915 | E13: 45901 | F13: General Medicine | G13: No-show | H13: 14 | I13: 15:30 | J13: 60+ | K13: Rural | L13: 3 | M13: 0.88 | N13: General Physician | O13: Mon-Sat AM | P13: 15 | Q13: SMS | R13: Yes | S13: Confirmed | T13: 45912 | U13: Monday | V13: FALSE | W13: FALSE | X13: Autumn | Y13: =IF(G13="No-show",1,IF(G13="Attended",0,"")) -> 1 | Z13: =IF(H13="","Unknown",IF(H13<=3,"0-3 days",IF(H13<=7,"4-7 days",IF(H13<=14,"8-14 days",IF(H13<=30,"15-30 days","31+ days"))))) -> 8-14 days | AA13: =IF(M13="","Unknown",IF(M13<0.5,"Low",IF(M13<0.75,"Moderate",IF(M13<0.9,"Good","Very Good")))) -> Good | AB13: =IF(G13="Attended","Attended",IF(G13="No-show","No-show","Excluded")) -> No-show
A14: A00013 | B14: P0204 | C14: D001 | D14: 45665 | E14: 45616 | F14: ENT | G14: Attended | H14: 49 | I14: 16:00 | J14: 18-29 | K14: Rural | L14: 3 | M14: 0.82 | N14: ENT Specialist | O14: Mon-Sat AM | P14: 20 | Q14: SMS | R14: Yes | S14: No Response | T14: 45663 | U14: Wednesday | V14: FALSE | W14: FALSE | X14: Winter | Y14: =IF(G14="No-show",1,IF(G14="Attended",0,"")) -> 0 | Z14: =IF(H14="","Unknown",IF(H14<=3,"0-3 days",IF(H14<=7,"4-7 days",IF(H14<=14,"8-14 days",IF(H14<=30,"15-30 days","31+ days"))))) -> 31+ days | AA14: =IF(M14="","Unknown",IF(M14<0.5,"Low",IF(M14<0.75,"Moderate",IF(M14<0.9,"Good","Very Good")))) -> Good | AB14: =IF(G14="Attended","Attended",IF(G14="No-show","No-show","Excluded")) -> Attended
A15: A00014 | B15: P0479 | C15: D024 | D15: 45988 | E15: 45982 | F15: Neurology | G15: Attended | H15: 6 | I15: 08:30 | J15: 45-59 | K15: Suburban | L15: 1 | M15: 0.83 | N15: Neurologist | O15: Mon-Sat AM | P15: 20 | Q15: SMS | R15: No | S15: Unknown | U15: Thursday | V15: FALSE | W15: FALSE | X15: Autumn | Y15: =IF(G15="No-show",1,IF(G15="Attended",0,"")) -> 0 | Z15: =IF(H15="","Unknown",IF(H15<=3,"0-3 days",IF(H15<=7,"4-7 days",IF(H15<=14,"8-14 days",IF(H15<=30,"15-30 days","31+ days"))))) -> 4-7 days | AA15: =IF(M15="","Unknown",IF(M15<0.5,"Low",IF(M15<0.75,"Moderate",IF(M15<0.9,"Good","Very Good")))) -> Good | AB15: =IF(G15="Attended","Attended",IF(G15="No-show","No-show","Excluded")) -> Attended
A16: A00015 | B16: P0285 | C16: D004 | D16: 45979 | E16: 45964 | F16: Ophthalmology | G16: Attended | H16: 15 | I16: 08:30 | J16: 30-44 | K16: Suburban | L16: 2 | M16: 0.6 | N16: Ophthalmologist | O16: Mon-Fri PM | P16: 18 | Q16: SMS | R16: Yes | S16: Confirmed | T16: 45976 | U16: Tuesday | V16: FALSE | W16: FALSE | X16: Autumn | Y16: =IF(G16="No-show",1,IF(G16="Attended",0,"")) -> 0 | Z16: =IF(H16="","Unknown",IF(H16<=3,"0-3 days",IF(H16<=7,"4-7 days",IF(H16<=14,"8-14 days",IF(H16<=30,"15-30 days","31+ days"))))) -> 15-30 days | AA16: =IF(M16="","Unknown",IF(M16<0.5,"Low",IF(M16<0.75,"Moderate",IF(M16<0.9,"Good","Very Good")))) -> Moderate | AB16: =IF(G16="Attended","Attended",IF(G16="No-show","No-show","Excluded")) -> Attended
A17: A00016 | B17: P0443 | C17: D023 | D17: 45863 | E17: 45806 | F17: Pediatrics | G17: No-show | H17: 57 | I17: 10:30 | J17: 45-59 | K17: Urban | L17: 4 | M17: 0.77 | N17: Pediatrician | O17: Mon-Fri PM | P17: 18 | R17: Not Required | S17: No Response | U17: Friday | V17: FALSE | W17: FALSE | X17: Monsoon | Y17: =IF(G17="No-show",1,IF(G17="Attended",0,"")) -> 1 | Z17: =IF(H17="","Unknown",IF(H17<=3,"0-3 days",IF(H17<=7,"4-7 days",IF(H17<=14,"8-14 days",IF(H17<=30,"15-30 days","31+ days"))))) -> 31+ days | AA17: =IF(M17="","Unknown",IF(M17<0.5,"Low",IF(M17<0.75,"Moderate",IF(M17<0.9,"Good","Very Good")))) -> Good | AB17: =IF(G17="Attended","Attended",IF(G17="No-show","No-show","Excluded")) -> No-show
A18: A00017 | B18: P0450 | C18: D025 | D18: 45893 | E18: 45848 | F18: Orthopedics | G18: No-show | H18: 45 | I18: 10:30 | J18: 45-59 | K18: Urban | L18: 2 | M18: 0.67 | N18: Orthopedic Surgeon | O18: Mon-Fri AM | P18: 12 | R18: Not Required | S18: No Response | U18: Sunday | V18: TRUE | W18: FALSE | X18: Monsoon | Y18: =IF(G18="No-show",1,IF(G18="Attended",0,"")) -> 1 | Z18: =IF(H18="","Unknown",IF(H18<=3,"0-3 days",IF(H18<=7,"4-7 days",IF(H18<=14,"8-14 days",IF(H18<=30,"15-30 days","31+ days"))))) -> 31+ days | AA18: =IF(M18="","Unknown",IF(M18<0.5,"Low",IF(M18<0.75,"Moderate",IF(M18<0.9,"Good","Very Good")))) -> Moderate | AB18: =IF(G18="Attended","Attended",IF(G18="No-show","No-show","Excluded")) -> No-show
A19: A00018 | B19: P0236 | C19: D011 | D19: 45682 | E19: 45676 | F19: ENT | G19: Attended | H19: 6 | I19: 16:00 | J19: 45-59 | K19: Urban | L19: 3 | M19: 0.8 | N19: ENT Specialist | O19: Tue-Sat PM | P19: 12 | Q19: Email | R19: Yes | S19: Cancelled | T19: 45680 | U19: Saturday | V19: TRUE | W19: FALSE | X19: Winter | Y19: =IF(G19="No-show",1,IF(G19="Attended",0,"")) -> 0 | Z19: =IF(H19="","Unknown",IF(H19<=3,"0-3 days",IF(H19<=7,"4-7 days",IF(H19<=14,"8-14 days",IF(H19<=30,"15-30 days","31+ days"))))) -> 4-7 days | AA19: =IF(M19="","Unknown",IF(M19<0.5,"Low",IF(M19<0.75,"Moderate",IF(M19<0.9,"Good","Very Good")))) -> Good | AB19: =IF(G19="Attended","Attended",IF(G19="No-show","No-show","Excluded")) -> Attended
A20: A00019 | B20: P0621 | C20: D006 | D20: 45977 | E20: 45969 | F20: Pediatrics | G20: Cancelled | H20: 8 | I20: 13:30 | J20: 45-59 | K20: Rural | L20: 1 | M20: 0.91 | N20: Pediatrician | O20: Mon-Fri PM | P20: 15 | Q20: Phone Call | R20: Yes | S20: Confirmed | T20: 45975 | U20: Sunday | V20: TRUE | W20: FALSE | X20: Autumn | Y20: =IF(G20="No-show",1,IF(G20="Attended",0,"")) | Z20: =IF(H20="","Unknown",IF(H20<=3,"0-3 days",IF(H20<=7,"4-7 days",IF(H20<=14,"8-14 days",IF(H20<=30,"15-30 days","31+ days"))))) -> 8-14 days | AA20: =IF(M20="","Unknown",IF(M20<0.5,"Low",IF(M20<0.75,"Moderate",IF(M20<0.9,"Good","Very Good")))) -> Very Good | AB20: =IF(G20="Attended","Attended",IF(G20="No-show","No-show","Excluded")) -> Excluded
A21: A00020 | B21: P0031 | C21: D020 | D21: 45756 | E21: 45741 | F21: Cardiology | G21: Attended | H21: 15 | I21: 15:30 | J21: 45-59 | K21: Urban | L21: 4 | M21: 0.89 | N21: Cardiologist | O21: Mon-Sat AM | P21: 12 | Q21: Email | R21: Yes | S21: Confirmed | T21: 45753 | U21: Wednesday | V21: FALSE | W21: FALSE | X21: Summer | Y21: =IF(G21="No-show",1,IF(G21="Attended",0,"")) -> 0 | Z21: =IF(H21="","Unknown",IF(H21<=3,"0-3 days",IF(H21<=7,"4-7 days",IF(H21<=14,"8-14 days",IF(H21<=30,"15-30 days","31+ days"))))) -> 15-30 days | AA21: =IF(M21="","Unknown",IF(M21<0.5,"Low",IF(M21<0.75,"Moderate",IF(M21<0.9,"Good","Very Good")))) -> Good | AB21: =IF(G21="Attended","Attended",IF(G21="No-show","No-show","Excluded")) -> Attended
A22: A00021 | B22: P0583 | C22: D002 | D22: 45753 | E22: 45749 | F22: Pediatrics | G22: Attended | H22: 4 | I22: 14:00 | J22: 18-29 | K22: Urban | L22: 4 | M22: 0.87 | N22: Pediatrician | O22: Mon-Sat AM | P22: 15 | Q22: Email | R22: Yes | S22: Cancelled | T22: 45750 | U22: Sunday | V22: TRUE | W22: FALSE | X22: Summer | Y22: =IF(G22="No-show",1,IF(G22="Attended",0,"")) -> 0 | Z22: =IF(H22="","Unknown",IF(H22<=3,"0-3 days",IF(H22<=7,"4-7 days",IF(H22<=14,"8-14 days",IF(H22<=30,"15-30 days","31+ days"))))) -> 4-7 days | AA22: =IF(M22="","Unknown",IF(M22<0.5,"Low",IF(M22<0.75,"Moderate",IF(M22<0.9,"Good","Very Good")))) -> Good | AB22: =IF(G22="Attended","Attended",IF(G22="No-show","No-show","Excluded")) -> Attended
A23: A00022 | B23: P0006 | C23: D017 | D23: 45916 | E23: 45905 | F23: ENT | G23: No-show | H23: 11 | I23: 14:00 | J23: 60+ | K23: Urban | L23: 4 | M23: 0.47 | N23: ENT Specialist | O23: Mon-Fri PM | P23: 18 | R23: Not Required | S23: No Response | U23: Tuesday | V23: FALSE | W23: FALSE | X23: Autumn | Y23: =IF(G23="No-show",1,IF(G23="Attended",0,"")) -> 1 | Z23: =IF(H23="","Unknown",IF(H23<=3,"0-3 days",IF(H23<=7,"4-7 days",IF(H23<=14,"8-14 days",IF(H23<=30,"15-30 days","31+ days"))))) -> 8-14 days | AA23: =IF(M23="","Unknown",IF(M23<0.5,"Low",IF(M23<0.75,"Moderate",IF(M23<0.9,"Good","Very Good")))) -> Low | AB23: =IF(G23="Attended","Attended",IF(G23="No-show","No-show","Excluded")) -> No-show
A24: A00023 | B24: P0249 | C24: D010 | D24: 46000 | E24: 45966 | F24: Cardiology | G24: No-show | H24: 34 | I24: 16:00 | J24: 30-44 | K24: Urban | L24: 2 | M24: 0.83 | N24: Cardiologist | O24: Mon-Sat AM | P24: 20 | Q24: Email | R24: No | S24: Unknown | U24: Tuesday | V24: FALSE | W24: FALSE | X24: Winter | Y24: =IF(G24="No-show",1,IF(G24="Attended",0,"")) -> 1 | Z24: =IF(H24="","Unknown",IF(H24<=3,"0-3 days",IF(H24<=7,"4-7 days",IF(H24<=14,"8-14 days",IF(H24<=30,"15-30 days","31+ days"))))) -> 31+ days | AA24: =IF(M24="","Unknown",IF(M24<0.5,"Low",IF(M24<0.75,"Moderate",IF(M24<0.9,"Good","Very Good")))) -> Good | AB24: =IF(G24="Attended","Attended",IF(G24="No-show","No-show","Excluded")) -> No-show
A25: A00024 | B25: P0537 | C25: D012 | D25: 45838 | E25: 45838 | F25: Dermatology | G25: Attended | H25: 0 | I25: 13:30 | J25: 30-44 | K25: Urban | L25: 3 | M25: 0.89 | N25: Dermatologist | O25: Tue-Sat PM | P25: 20 | Q25: Email | R25: Yes | S25: Confirmed | T25: 45836 | U25: Monday | V25: FALSE | W25: FALSE | X25: Monsoon | Y25: =IF(G25="No-show",1,IF(G25="Attended",0,"")) -> 0 | Z25: =IF(H25="","Unknown",IF(H25<=3,"0-3 days",IF(H25<=7,"4-7 days",IF(H25<=14,"8-14 days",IF(H25<=30,"15-30 days","31+ days"))))) -> 0-3 days | AA25: =IF(M25="","Unknown",IF(M25<0.5,"Low",IF(M25<0.75,"Moderate",IF(M25<0.9,"Good","Very Good")))) -> Good | AB25: =IF(G25="Attended","Attended",IF(G25="No-show","No-show","Excluded")) -> Attended
A26: A00025 | B26: P0445 | C26: D024 | D26: 45843 | E26: 45826 | F26: Neurology | G26: Attended | H26: 17 | I26: 15:30 | J26: 18-29 | K26: Suburban | L26: 4 | M26: 0.74 | N26: Neurologist | O26: Mon-Sat AM | P26: 20 | R26: Not Required | S26: No Response | U26: Saturday | V26: TRUE | W26: FALSE | X26: Monsoon | Y26: =IF(G26="No-show",1,IF(G26="Attended",0,"")) -> 0 | Z26: =IF(H26="","Unknown",IF(H26<=3,"0-3 days",IF(H26<=7,"4-7 days",IF(H26<=14,"8-14 days",IF(H26<=30,"15-30 days","31+ days"))))) -> 15-30 days | AA26: =IF(M26="","Unknown",IF(M26<0.5,"Low",IF(M26<0.75,"Moderate",IF(M26<0.9,"Good","Very Good")))) -> Moderate | AB26: =IF(G26="Attended","Attended",IF(G26="No-show","No-show","Excluded")) -> Attended
A27: A00026 | B27: P0210 | C27: D028 | D27: 45858 | E27: 45839 | F27: Pediatrics | G27: Cancelled | H27: 19 | I27: 10:30 | J27: 30-44 | K27: Suburban | L27: 4 | M27: 0.68 | N27: Pediatrician | O27: Tue-Sat PM | P27: 20 | Q27: Phone Call | R27: Yes | S27: No Response | T27: 45856 | U27: Sunday | V27: TRUE | W27: FALSE | X27: Monsoon | Y27: =IF(G27="No-show",1,IF(G27="Attended",0,"")) | Z27: =IF(H27="","Unknown",IF(H27<=3,"0-3 days",IF(H27<=7,"4-7 days",IF(H27<=14,"8-14 days",IF(H27<=30,"15-30 days","31+ days"))))) -> 15-30 days | AA27: =IF(M27="","Unknown",IF(M27<0.5,"Low",IF(M27<0.75,"Moderate",IF(M27<0.9,"Good","Very Good")))) -> Moderate | AB27: =IF(G27="Attended","Attended",IF(G27="No-show","No-show","Excluded")) -> Excluded
A28: A00027 | B28: P0576 | C28: D012 | D28: 45764 | E28: 45705 | F28: Dermatology | G28: No-show | H28: 59 | I28: 10:30 | J28: 30-44 | K28: Rural | L28: 6 | M28: 0.94 | N28: Dermatologist | O28: Tue-Sat PM | P28: 20 | Q28: SMS | R28: Yes | S28: No Response | T28: 45762 | U28: Thursday | V28: FALSE | W28: FALSE | X28: Summer | Y28: =IF(G28="No-show",1,IF(G28="Attended",0,"")) -> 1 | Z28: =IF(H28="","Unknown",IF(H28<=3,"0-3 days",IF(H28<=7,"4-7 days",IF(H28<=14,"8-14 days",IF(H28<=30,"15-30 days","31+ days"))))) -> 31+ days | AA28: =IF(M28="","Unknown",IF(M28<0.5,"Low",IF(M28<0.75,"Moderate",IF(M28<0.9,"Good","Very Good")))) -> Very Good | AB28: =IF(G28="Attended","Attended",IF(G28="No-show","No-show","Excluded")) -> No-show
A29: A00028 | B29: P0090 | C29: D009 | D29: 45875 | E29: 45816 | F29: Neurology | G29: No-show | H29: 59 | I29: 13:30 | J29: 30-44 | K29: Urban | L29: 4 | M29: 0.79 | N29: Neurologist | O29: Mon-Fri PM | P29: 18 | Q29: SMS | R29: Yes | S29: No Response | T29: 45872 | U29: Wednesday | V29: FALSE | W29: FALSE | X29: Monsoon | Y29: =IF(G29="No-show",1,IF(G29="Attended",0,"")) -> 1 | Z29: =IF(H29="","Unknown",IF(H29<=3,"0-3 days",IF(H29<=7,"4-7 days",IF(H29<=14,"8-14 days",IF(H29<=30,"15-30 days","31+ days"))))) -> 31+ days | AA29: =IF(M29="","Unknown",IF(M29<0.5,"Low",IF(M29<0.75,"Moderate",IF(M29<0.9,"Good","Very Good")))) -> Good | AB29: =IF(G29="Attended","Attended",IF(G29="No-show","No-show","Excluded")) -> No-show
A30: A00029 | B30: P0436 | C30: D024 | D30: 46008 | E30: 45957 | F30: Neurology | G30: Attended | H30: 51 | I30: 16:00 | J30: 18-29 | K30: Suburban | L30: 1 | M30: 0.92 | N30: Neurologist | O30: Mon-Sat AM | P30: 20 | Q30: SMS | R30: Yes | S30: No Response | T30: 46007 | U30: Wednesday | V30: FALSE | W30: FALSE | X30: Winter | Y30: =IF(G30="No-show",1,IF(G30="Attended",0,"")) -> 0 | Z30: =IF(H30="","Unknown",IF(H30<=3,"0-3 days",IF(H30<=7,"4-7 days",IF(H30<=14,"8-14 days",IF(H30<=30,"15-30 days","31+ days"))))) -> 31+ days | AA30: =IF(M30="","Unknown",IF(M30<0.5,"Low",IF(M30<0.75,"Moderate",IF(M30<0.9,"Good","Very Good")))) -> Very Good | AB30: =IF(G30="Attended","Attended",IF(G30="No-show","No-show","Excluded")) -> Attended
A31: A00030 | B31: P0338 | C31: D012 | D31: 45797 | E31: 45777 | F31: Dermatology | G31: Attended | H31: 20 | I31: 08:30 | J31: 45-59 | K31: Urban | L31: 2 | M31: 0.94 | N31: Dermatologist | O31: Tue-Sat PM | P31: 20 | Q31: SMS | R31: Yes | S31: Confirmed | T31: 45794 | U31: Tuesday | V31: FALSE | W31: FALSE | X31: Summer | Y31: =IF(G31="No-show",1,IF(G31="Attended",0,"")) -> 0 | Z31: =IF(H31="","Unknown",IF(H31<=3,"0-3 days",IF(H31<=7,"4-7 days",IF(H31<=14,"8-14 days",IF(H31<=30,"15-30 days","31+ days"))))) -> 15-30 days | AA31: =IF(M31="","Unknown",IF(M31<0.5,"Low",IF(M31<0.75,"Moderate",IF(M31<0.9,"Good","Very Good")))) -> Very Good | AB31: =IF(G31="Attended","Attended",IF(G31="No-show","No-show","Excluded")) -> Attended
A32: A00031 | B32: P0135 | C32: D006 | D32: 45940 | E32: 45908 | F32: Pediatrics | G32: Attended | H32: 32 | I32: 13:30 | J32: 45-59 | K32: Rural | L32: 1 | M32: 0.81 | N32: Pediatrician | O32: Mon-Fri PM | P32: 15 | Q32: SMS | R32: Yes | S32: Confirmed | T32: 45937 | U32: Friday | V32: FALSE | W32: FALSE | X32: Autumn | Y32: =IF(G32="No-show",1,IF(G32="Attended",0,"")) -> 0 | Z32: =IF(H32="","Unknown",IF(H32<=3,"0-3 days",IF(H32<=7,"4-7 days",IF(H32<=14,"8-14 days",IF(H32<=30,"15-30 days","31+ days"))))) -> 31+ days | AA32: =IF(M32="","Unknown",IF(M32<0.5,"Low",IF(M32<0.75,"Moderate",IF(M32<0.9,"Good","Very Good")))) -> Good | AB32: =IF(G32="Attended","Attended",IF(G32="No-show","No-show","Excluded")) -> Attended
A33: A00032 | B33: P0599 | C33: D026 | D33: 45940 | E33: 45910 | F33: General Medicine | G33: Attended | H33: 30 | I33: 09:00 | J33: 60+ | K33: Rural | L33: 5 | M33: 0.87 | N33: General Physician | O33: Mon-Sat AM | P33: 15 | Q33: SMS | R33: Yes | S33: No Response | T33: 45939 | U33: Friday | V33: FALSE | W33: FALSE | X33: Autumn | Y33: =IF(G33="No-show",1,IF(G33="Attended",0,"")) -> 0 | Z33: =IF(H33="","Unknown",IF(H33<=3,"0-3 days",IF(H33<=7,"4-7 days",IF(H33<=14,"8-14 days",IF(H33<=30,"15-30 days","31+ days"))))) -> 15-30 days | AA33: =IF(M33="","Unknown",IF(M33<0.5,"Low",IF(M33<0.75,"Moderate",IF(M33<0.9,"Good","Very Good")))) -> Good | AB33: =IF(G33="Attended","Attended",IF(G33="No-show","No-show","Excluded")) -> Attended
A34: A00033 | B34: P0498 | C34: D028 | D34: 45968 | E34: 45916 | F34: Pediatrics | G34: No-show | H34: 52 | I34: 16:00 | J34: 45-59 | K34: Rural | L34: 4 | M34: 0.87 | N34: Pediatrician | O34: Tue-Sat PM | P34: 20 | Q34: SMS | R34: Yes | S34: Confirmed | T34: 45966 | U34: Friday | V34: FALSE | W34: FALSE | X34: Autumn | Y34: =IF(G34="No-show",1,IF(G34="Attended",0,"")) -> 1 | Z34: =IF(H34="","Unknown",IF(H34<=3,"0-3 days",IF(H34<=7,"4-7 days",IF(H34<=14,"8-14 days",IF(H34<=30,"15-30 days","31+ days"))))) -> 31+ days | AA34: =IF(M34="","Unknown",IF(M34<0.5,"Low",IF(M34<0.75,"Moderate",IF(M34<0.9,"Good","Very Good")))) -> Good | AB34: =IF(G34="Attended","Attended",IF(G34="No-show","No-show","Excluded")) -> No-show
A35: A00034 | B35: P0006 | C35: D009 | D35: 45922 | E35: 45877 | F35: Neurology | G35: No-show | H35: 45 | I35: 13:30 | J35: 60+ | K35: Urban | L35: 4 | M35: 0.47 | N35: Neurologist | O35: Mon-Fri PM | P35: 18 | R35: Not Required | S35: No Response | U35: Monday | V35: FALSE | W35: FALSE | X35: Autumn | Y35: =IF(G35="No-show",1,IF(G35="Attended",0,"")) -> 1 | Z35: =IF(H35="","Unknown",IF(H35<=3,"0-3 days",IF(H35<=7,"4-7 days",IF(H35<=14,"8-14 days",IF(H35<=30,"15-30 days","31+ days"))))) -> 31+ days | AA35: =IF(M35="","Unknown",IF(M35<0.5,"Low",IF(M35<0.75,"Moderate",IF(M35<0.9,"Good","Very Good")))) -> Low | AB35: =IF(G35="Attended","Attended",IF(G35="No-show","No-show","Excluded")) -> No-show
A36: A00035 | B36: P0057 | C36: D005 | D36: 45994 | E36: 45939 | F36: General Medicine | G36: No-show | H36: 55 | I36: 08:30 | J36: 30-44 | K36: Suburban | L36: 11 | M36: 0.8 | N36: General Physician | O36: Mon-Fri AM | P36: 12 | Q36: SMS | R36: Yes | S36: No Response | T36: 45992 | U36: Wednesday | V36: FALSE | W36: FALSE | X36: Winter | Y36: =IF(G36="No-show",1,IF(G36="Attended",0,"")) -> 1 | Z36: =IF(H36="","Unknown",IF(H36<=3,"0-3 days",IF(H36<=7,"4-7 days",IF(H36<=14,"8-14 days",IF(H36<=30,"15-30 days","31+ days"))))) -> 31+ days | AA36: =IF(M36="","Unknown",IF(M36<0.5,"Low",IF(M36<0.75,"Moderate",IF(M36<0.9,"Good","Very Good")))) -> Good | AB36: =IF(G36="Attended","Attended",IF(G36="No-show","No-show","Excluded")) -> No-show
A37: A00036 | B37: P0037 | C37: D005 | D37: 45918 | E37: 45885 | F37: General Medicine | G37: Attended | H37: 33 | I37: 08:30 | J37: 18-29 | K37: Urban | L37: 4 | M37: 0.68 | N37: General Physician | O37: Mon-Fri AM | P37: 12 | Q37: SMS | R37: Yes | S37: No Response | T37: 45916 | U37: Thursday | V37: FALSE | W37: FALSE | X37: Autumn | Y37: =IF(G37="No-show",1,IF(G37="Attended",0,"")) -> 0 | Z37: =IF(H37="","Unknown",IF(H37<=3,"0-3 days",IF(H37<=7,"4-7 days",IF(H37<=14,"8-14 days",IF(H37<=30,"15-30 days","31+ days"))))) -> 31+ days | AA37: =IF(M37="","Unknown",IF(M37<0.5,"Low",IF(M37<0.75,"Moderate",IF(M37<0.9,"Good","Very Good")))) -> Moderate | AB37: =IF(G37="Attended","Attended",IF(G37="No-show","No-show","Excluded")) -> Attended
A38: A00037 | B38: P0271 | C38: D017 | D38: 46014 | E38: 45958 | F38: ENT | G38: Attended | H38: 56 | I38: 14:00 | J38: 0-17 | K38: Urban | L38: 4 | M38: 0.95 | N38: ENT Specialist | O38: Mon-Fri PM | P38: 18 | Q38: SMS | R38: No | S38: Unknown | U38: Tuesday | V38: FALSE | W38: FALSE | X38: Winter | Y38: =IF(G38="No-show",1,IF(G38="Attended",0,"")) -> 0 | Z38: =IF(H38="","Unknown",IF(H38<=3,"0-3 days",IF(H38<=7,"4-7 days",IF(H38<=14,"8-14 days",IF(H38<=30,"15-30 days","31+ days"))))) -> 31+ days | AA38: =IF(M38="","Unknown",IF(M38<0.5,"Low",IF(M38<0.75,"Moderate",IF(M38<0.9,"Good","Very Good")))) -> Very Good | AB38: =IF(G38="Attended","Attended",IF(G38="No-show","No-show","Excluded")) -> Attended
A39: A00038 | B39: P0272 | C39: D009 | D39: 45919 | E39: 45874 | F39: Neurology | G39: No-show | H39: 45 | I39: 09:00 | J39: 18-29 | K39: Rural | L39: 7 | M39: 0.86 | N39: Neurologist | O39: Mon-Fri PM | P39: 18 | Q39: SMS | R39: Yes | S39: Cancelled | T39: 45918 | U39: Friday | V39: FALSE | W39: FALSE | X39: Autumn | Y39: =IF(G39="No-show",1,IF(G39="Attended",0,"")) -> 1 | Z39: =IF(H39="","Unknown",IF(H39<=3,"0-3 days",IF(H39<=7,"4-7 days",IF(H39<=14,"8-14 days",IF(H39<=30,"15-30 days","31+ days"))))) -> 31+ days | AA39: =IF(M39="","Unknown",IF(M39<0.5,"Low",IF(M39<0.75,"Moderate",IF(M39<0.9,"Good","Very Good")))) -> Good | AB39: =IF(G39="Attended","Attended",IF(G39="No-show","No-show","Excluded")) -> No-show
A40: A00039 | B40: P0471 | C40: D018 | D40: 45963 | E40: 45918 | F40: Neurology | G40: Attended | H40: 45 | I40: 08:30 | J40: 30-44 | K40: Suburban | L40: 2 | M40: 0.73 | N40: Neurologist | O40: Mon-Sat AM | P40: 15 | Q40: Email | R40: Yes | S40: No Response | T40: 45960 | U40: Sunday | V40: TRUE | W40: FALSE | X40: Autumn | Y40: =IF(G40="No-show",1,IF(G40="Attended",0,"")) -> 0 | Z40: =IF(H40="","Unknown",IF(H40<=3,"0-3 days",IF(H40<=7,"4-7 days",IF(H40<=14,"8-14 days",IF(H40<=30,"15-30 days","31+ days"))))) -> 31+ days | AA40: =IF(M40="","Unknown",IF(M40<0.5,"Low",IF(M40<0.75,"Moderate",IF(M40<0.9,"Good","Very Good")))) -> Moderate | AB40: =IF(G40="Attended","Attended",IF(G40="No-show","No-show","Excluded")) -> Attended
A41: A00040 | B41: P0440 | C41: D022 | D41: 45982 | E41: 45942 | F41: Pediatrics | G41: Attended | H41: 40 | I41: 09:00 | J41: 45-59 | K41: Urban | L41: 5 | M41: 0.75 | N41: Pediatrician | O41: Mon-Sat AM | P41: 15 | Q41: Phone Call | R41: Yes | S41: Confirmed | T41: 45980 | U41: Friday | V41: FALSE | W41: FALSE | X41: Autumn | Y41: =IF(G41="No-show",1,IF(G41="Attended",0,"")) -> 0 | Z41: =IF(H41="","Unknown",IF(H41<=3,"0-3 days",IF(H41<=7,"4-7 days",IF(H41<=14,"8-14 days",IF(H41<=30,"15-30 days","31+ days"))))) -> 31+ days | AA41: =IF(M41="","Unknown",IF(M41<0.5,"Low",IF(M41<0.75,"Moderate",IF(M41<0.9,"Good","Very Good")))) -> Good | AB41: =IF(G41="Attended","Attended",IF(G41="No-show","No-show","Excluded")) -> Attended
A42: A00041 | B42: P0010 | C42: D001 | D42: 46016 | E42: 45996 | F42: ENT | G42: Attended | H42: 20 | I42: 09:00 | J42: 30-44 | K42: Urban | L42: 6 | M42: 0.93 | N42: ENT Specialist | O42: Mon-Sat AM | P42: 20 | Q42: SMS | R42: Yes | S42: Confirmed | T42: 46013 | U42: Thursday | V42: FALSE | W42: TRUE | X42: Winter | Y42: =IF(G42="No-show",1,IF(G42="Attended",0,"")) -> 0 | Z42: =IF(H42="","Unknown",IF(H42<=3,"0-3 days",IF(H42<=7,"4-7 days",IF(H42<=14,"8-14 days",IF(H42<=30,"15-30 days","31+ days"))))) -> 15-30 days | AA42: =IF(M42="","Unknown",IF(M42<0.5,"Low",IF(M42<0.75,"Moderate",IF(M42<0.9,"Good","Very Good")))) -> Very Good | AB42: =IF(G42="Attended","Attended",IF(G42="No-show","No-show","Excluded")) -> Attended
A43: A00042 | B43: P0310 | C43: D025 | D43: 45875 | E43: 45838 | F43: Orthopedics | G43: Attended | H43: 37 | I43: 10:30 | J43: 18-29 | K43: Suburban | L43: 4 | M43: 0.81 | N43: Orthopedic Surgeon | O43: Mon-Fri AM | P43: 12 | Q43: Phone Call | R43: Yes | S43: Confirmed | T43: 45874 | U43: Wednesday | V43: FALSE | W43: FALSE | X43: Monsoon | Y43: =IF(G43="No-show",1,IF(G43="Attended",0,"")) -> 0 | Z43: =IF(H43="","Unknown",IF(H43<=3,"0-3 days",IF(H43<=7,"4-7 days",IF(H43<=14,"8-14 days",IF(H43<=30,"15-30 days","31+ days"))))) -> 31+ days | AA43: =IF(M43="","Unknown",IF(M43<0.5,"Low",IF(M43<0.75,"Moderate",IF(M43<0.9,"Good","Very Good")))) -> Good | AB43: =IF(G43="Attended","Attended",IF(G43="No-show","No-show","Excluded")) -> Attended
A44: A00043 | B44: P0511 | C44: D001 | D44: 45917 | E44: 45896 | F44: ENT | G44: Attended | H44: 21 | I44: 14:00 | J44: 0-17 | K44: Urban | L44: 2 | M44: 0.49 | N44: ENT Specialist | O44: Mon-Sat AM | P44: 20 | Q44: SMS | R44: Yes | S44: No Response | T44: 45914 | U44: Wednesday | V44: FALSE | W44: FALSE | X44: Autumn | Y44: =IF(G44="No-show",1,IF(G44="Attended",0,"")) -> 0 | Z44: =IF(H44="","Unknown",IF(H44<=3,"0-3 days",IF(H44<=7,"4-7 days",IF(H44<=14,"8-14 days",IF(H44<=30,"15-30 days","31+ days"))))) -> 15-30 days | AA44: =IF(M44="","Unknown",IF(M44<0.5,"Low",IF(M44<0.75,"Moderate",IF(M44<0.9,"Good","Very Good")))) -> Low | AB44: =IF(G44="Attended","Attended",IF(G44="No-show","No-show","Excluded")) -> Attended
A45: A00044 | B45: P0584 | C45: D004 | D45: 46010 | E45: 45971 | F45: Ophthalmology | G45: Attended | H45: 39 | I45: 15:30 | J45: 30-44 | K45: Suburban | L45: 3 | M45: 0.92 | N45: Ophthalmologist | O45: Mon-Fri PM | P45: 18 | Q45: Email | R45: Yes | S45: Confirmed | T45: 46008 | U45: Friday | V45: FALSE | W45: FALSE | X45: Winter | Y45: =IF(G45="No-show",1,IF(G45="Attended",0,"")) -> 0 | Z45: =IF(H45="","Unknown",IF(H45<=3,"0-3 days",IF(H45<=7,"4-7 days",IF(H45<=14,"8-14 days",IF(H45<=30,"15-30 days","31+ days"))))) -> 31+ days | AA45: =IF(M45="","Unknown",IF(M45<0.5,"Low",IF(M45<0.75,"Moderate",IF(M45<0.9,"Good","Very Good")))) -> Very Good | AB45: =IF(G45="Attended","Attended",IF(G45="No-show","No-show","Excluded")) -> Attended
A46: A00045 | B46: P0190 | C46: D021 | D46: 45796 | E46: 45781 | F46: ENT | G46: No-show | H46: 15 | I46: 13:30 | J46: 18-29 | K46: Suburban | L46: 4 | M46: 0.91 | N46: ENT Specialist | O46: Mon-Sat AM | P46: 15 | R46: Not Required | S46: No Response | U46: Monday | V46: FALSE | W46: FALSE | X46: Summer | Y46: =IF(G46="No-show",1,IF(G46="Attended",0,"")) -> 1 | Z46: =IF(H46="","Unknown",IF(H46<=3,"0-3 days",IF(H46<=7,"4-7 days",IF(H46<=14,"8-14 days",IF(H46<=30,"15-30 days","31+ days"))))) -> 15-30 days | AA46: =IF(M46="","Unknown",IF(M46<0.5,"Low",IF(M46<0.75,"Moderate",IF(M46<0.9,"Good","Very Good")))) -> Very Good | AB46: =IF(G46="Attended","Attended",IF(G46="No-show","No-show","Excluded")) -> No-show
A47: A00046 | B47: P0029 | C47: D018 | D47: 45701 | E47: 45653 | F47: Neurology | G47: Attended | H47: 48 | I47: 16:00 | J47: 18-29 | K47: Urban | L47: 2 | M47: 0.93 | N47: Neurologist | O47: Mon-Sat AM | P47: 15 | R47: Not Required | S47: No Response | U47: Thursday | V47: FALSE | W47: FALSE | X47: Winter | Y47: =IF(G47="No-show",1,IF(G47="Attended",0,"")) -> 0 | Z47: =IF(H47="","Unknown",IF(H47<=3,"0-3 days",IF(H47<=7,"4-7 days",IF(H47<=14,"8-14 days",IF(H47<=30,"15-30 days","31+ days"))))) -> 31+ days | AA47: =IF(M47="","Unknown",IF(M47<0.5,"Low",IF(M47<0.75,"Moderate",IF(M47<0.9,"Good","Very Good")))) -> Very Good | AB47: =IF(G47="Attended","Attended",IF(G47="No-show","No-show","Excluded")) -> Attended
A48: A00047 | B48: P0100 | C48: D028 | D48: 45980 | E48: 45946 | F48: Pediatrics | G48: Attended | H48: 34 | I48: 15:30 | J48: 60+ | K48: Rural | L48: 1 | M48: 0.83 | N48: Pediatrician | O48: Tue-Sat PM | P48: 20 | Q48: SMS | R48: Yes | S48: Confirmed | T48: 45978 | U48: Wednesday | V48: FALSE | W48: FALSE | X48: Autumn | Y48: =IF(G48="No-show",1,IF(G48="Attended",0,"")) -> 0 | Z48: =IF(H48="","Unknown",IF(H48<=3,"0-3 days",IF(H48<=7,"4-7 days",IF(H48<=14,"8-14 days",IF(H48<=30,"15-30 days","31+ days"))))) -> 31+ days | AA48: =IF(M48="","Unknown",IF(M48<0.5,"Low",IF(M48<0.75,"Moderate",IF(M48<0.9,"Good","Very Good")))) -> Good | AB48: =IF(G48="Attended","Attended",IF(G48="No-show","No-show","Excluded")) -> Attended
A49: A00048 | B49: P0222 | C49: D016 | D49: 45888 | E49: 45845 | F49: Cardiology | G49: No-show | H49: 43 | I49: 09:00 | J49: 30-44 | K49: Urban | L49: 3 | M49: 0.88 | N49: Cardiologist | O49: Mon-Fri PM | P49: 18 | Q49: Email | R49: Yes | S49: Confirmed | T49: 45886 | U49: Tuesday | V49: FALSE | W49: FALSE | X49: Monsoon | Y49: =IF(G49="No-show",1,IF(G49="Attended",0,"")) -> 1 | Z49: =IF(H49="","Unknown",IF(H49<=3,"0-3 days",IF(H49<=7,"4-7 days",IF(H49<=14,"8-14 days",IF(H49<=30,"15-30 days","31+ days"))))) -> 31+ days | AA49: =IF(M49="","Unknown",IF(M49<0.5,"Low",IF(M49<0.75,"Moderate",IF(M49<0.9,"Good","Very Good")))) -> Good | AB49: =IF(G49="Attended","Attended",IF(G49="No-show","No-show","Excluded")) -> No-show
A50: A00049 | B50: P0289 | C50: D012 | D50: 45814 | E50: 45801 | F50: Dermatology | G50: No-show | H50: 13 | I50: 14:00 | J50: 30-44 | K50: Rural | L50: 2 | M50: 0.6 | N50: Dermatologist | O50: Tue-Sat PM | P50: 20 | Q50: Email | R50: No | S50: Unknown | U50: Friday | V50: FALSE | W50: FALSE | X50: Monsoon | Y50: =IF(G50="No-show",1,IF(G50="Attended",0,"")) -> 1 | Z50: =IF(H50="","Unknown",IF(H50<=3,"0-3 days",IF(H50<=7,"4-7 days",IF(H50<=14,"8-14 days",IF(H50<=30,"15-30 days","31+ days"))))) -> 8-14 days | AA50: =IF(M50="","Unknown",IF(M50<0.5,"Low",IF(M50<0.75,"Moderate",IF(M50<0.9,"Good","Very Good")))) -> Moderate | AB50: =IF(G50="Attended","Attended",IF(G50="No-show","No-show","Excluded")) -> No-show
A51: A00050 | B51: P0229 | C51: D019 | D51: 45919 | E51: 45871 | F51: Pediatrics | G51: No-show | H51: 48 | I51: 09:00 | J51: 45-59 | K51: Suburban | L51: 1 | M51: 0.54 | N51: Pediatrician | O51: Mon-Fri AM | P51: 12 | R51: Not Required | S51: No Response | U51: Friday | V51: FALSE | W51: FALSE | X51: Autumn | Y51: =IF(G51="No-show",1,IF(G51="Attended",0,"")) -> 1 | Z51: =IF(H51="","Unknown",IF(H51<=3,"0-3 days",IF(H51<=7,"4-7 days",IF(H51<=14,"8-14 days",IF(H51<=30,"15-30 days","31+ days"))))) -> 31+ days | AA51: =IF(M51="","Unknown",IF(M51<0.5,"Low",IF(M51<0.75,"Moderate",IF(M51<0.9,"Good","Very Good")))) -> Moderate | AB51: =IF(G51="Attended","Attended",IF(G51="No-show","No-show","Excluded")) -> No-show
A52: A00051 | B52: P0059 | C52: D022 | D52: 45669 | E52: 45621 | F52: Pediatrics | G52: Attended | H52: 48 | I52: 16:00 | J52: 18-29 | K52: Urban | L52: 4 | M52: 0.75 | N52: Pediatrician | O52: Mon-Sat AM | P52: 15 | Q52: SMS | R52: Yes | S52: Confirmed | T52: 45666 | U52: Sunday | V52: TRUE | W52: FALSE | X52: Winter | Y52: =IF(G52="No-show",1,IF(G52="Attended",0,"")) -> 0 | Z52: =IF(H52="","Unknown",IF(H52<=3,"0-3 days",IF(H52<=7,"4-7 days",IF(H52<=14,"8-14 days",IF(H52<=30,"15-30 days","31+ days"))))) -> 31+ days | AA52: =IF(M52="","Unknown",IF(M52<0.5,"Low",IF(M52<0.75,"Moderate",IF(M52<0.9,"Good","Very Good")))) -> Good | AB52: =IF(G52="Attended","Attended",IF(G52="No-show","No-show","Excluded")) -> Attended
A53: A00052 | B53: P0222 | C53: D019 | D53: 45832 | E53: 45824 | F53: Pediatrics | G53: Attended | H53: 8 | I53: 15:30 | J53: 30-44 | K53: Urban | L53: 3 | M53: 0.88 | N53: Pediatrician | O53: Mon-Fri AM | P53: 12 | Q53: SMS | R53: Yes | S53: Confirmed | T53: 45830 | U53: Tuesday | V53: FALSE | W53: FALSE | X53: Monsoon | Y53: =IF(G53="No-show",1,IF(G53="Attended",0,"")) -> 0 | Z53: =IF(H53="","Unknown",IF(H53<=3,"0-3 days",IF(H53<=7,"4-7 days",IF(H53<=14,"8-14 days",IF(H53<=30,"15-30 days","31+ days"))))) -> 8-14 days | AA53: =IF(M53="","Unknown",IF(M53<0.5,"Low",IF(M53<0.75,"Moderate",IF(M53<0.9,"Good","Very Good")))) -> Good | AB53: =IF(G53="Attended","Attended",IF(G53="No-show","No-show","Excluded")) -> Attended
A54: A00053 | B54: P0189 | C54: D011 | D54: 45754 | E54: 45733 | F54: ENT | G54: Cancelled | H54: 21 | I54: 08:30 | J54: 45-59 | K54: Urban | L54: 3 | M54: 0.46 | N54: ENT Specialist | O54: Tue-Sat PM | P54: 12 | Q54: SMS | R54: Yes | S54: Confirmed | T54: 45752 | U54: Monday | V54: FALSE | W54: FALSE | X54: Summer | Y54: =IF(G54="No-show",1,IF(G54="Attended",0,"")) | Z54: =IF(H54="","Unknown",IF(H54<=3,"0-3 days",IF(H54<=7,"4-7 days",IF(H54<=14,"8-14 days",IF(H54<=30,"15-30 days","31+ days"))))) -> 15-30 days | AA54: =IF(M54="","Unknown",IF(M54<0.5,"Low",IF(M54<0.75,"Moderate",IF(M54<0.9,"Good","Very Good")))) -> Low | AB54: =IF(G54="Attended","Attended",IF(G54="No-show","No-show","Excluded")) -> Excluded
A55: A00054 | B55: P0317 | C55: D027 | D55: 45763 | E55: 45722 | F55: ENT | G55: No-show | H55: 41 | I55: 09:00 | J55: 30-44 | K55: Rural | L55: 3 | M55: 0.92 | N55: ENT Specialist | O55: Tue-Sat PM | P55: 12 | Q55: SMS | R55: Yes | S55: Confirmed | T55: 45761 | U55: Wednesday | V55: FALSE | W55: FALSE | X55: Summer | Y55: =IF(G55="No-show",1,IF(G55="Attended",0,"")) -> 1 | Z55: =IF(H55="","Unknown",IF(H55<=3,"0-3 days",IF(H55<=7,"4-7 days",IF(H55<=14,"8-14 days",IF(H55<=30,"15-30 days","31+ days"))))) -> 31+ days | AA55: =IF(M55="","Unknown",IF(M55<0.5,"Low",IF(M55<0.75,"Moderate",IF(M55<0.9,"Good","Very Good")))) -> Very Good | AB55: =IF(G55="Attended","Attended",IF(G55="No-show","No-show","Excluded")) -> No-show
A56: A00055 | B56: P0052 | C56: D009 | D56: 46011 | E56: 45958 | F56: Neurology | G56: No-show | H56: 53 | I56: 11:00 | J56: 0-17 | K56: Urban | L56: 6 | M56: 0.76 | N56: Neurologist | O56: Mon-Fri PM | P56: 18 | Q56: Phone Call | R56: Yes | S56: No Response | T56: 46010 | U56: Saturday | V56: TRUE | W56: FALSE | X56: Winter | Y56: =IF(G56="No-show",1,IF(G56="Attended",0,"")) -> 1 | Z56: =IF(H56="","Unknown",IF(H56<=3,"0-3 days",IF(H56<=7,"4-7 days",IF(H56<=14,"8-14 days",IF(H56<=30,"15-30 days","31+ days"))))) -> 31+ days | AA56: =IF(M56="","Unknown",IF(M56<0.5,"Low",IF(M56<0.75,"Moderate",IF(M56<0.9,"Good","Very Good")))) -> Good | AB56: =IF(G56="Attended","Attended",IF(G56="No-show","No-show","Excluded")) -> No-show
A57: A00056 | B57: P0514 | C57: D010 | D57: 45858 | E57: 45814 | F57: Cardiology | G57: No-show | H57: 44 | I57: 14:00 | J57: 18-29 | K57: Urban | L57: 4 | M57: 0.83 | N57: Cardiologist | O57: Mon-Sat AM | P57: 20 | Q57: SMS | R57: Yes | S57: No Response | T57: 45857 | U57: Sunday | V57: TRUE | W57: FALSE | X57: Monsoon | Y57: =IF(G57="No-show",1,IF(G57="Attended",0,"")) -> 1 | Z57: =IF(H57="","Unknown",IF(H57<=3,"0-3 days",IF(H57<=7,"4-7 days",IF(H57<=14,"8-14 days",IF(H57<=30,"15-30 days","31+ days"))))) -> 31+ days | AA57: =IF(M57="","Unknown",IF(M57<0.5,"Low",IF(M57<0.75,"Moderate",IF(M57<0.9,"Good","Very Good")))) -> Good | AB57: =IF(G57="Attended","Attended",IF(G57="No-show","No-show","Excluded")) -> No-show
A58: A00057 | B58: P0272 | C58: D008 | D58: 45709 | E58: 45681 | F58: General Medicine | G58: No-show | H58: 28 | I58: 13:30 | J58: 18-29 | K58: Rural | L58: 7 | M58: 0.86 | N58: General Physician | O58: Tue-Sat PM | P58: 18 | Q58: SMS | R58: Yes | S58: No Response | T58: 45706 | U58: Friday | V58: FALSE | W58: FALSE | X58: Winter | Y58: =IF(G58="No-show",1,IF(G58="Attended",0,"")) -> 1 | Z58: =IF(H58="","Unknown",IF(H58<=3,"0-3 days",IF(H58<=7,"4-7 days",IF(H58<=14,"8-14 days",IF(H58<=30,"15-30 days","31+ days"))))) -> 15-30 days | AA58: =IF(M58="","Unknown",IF(M58<0.5,"Low",IF(M58<0.75,"Moderate",IF(M58<0.9,"Good","Very Good")))) -> Good | AB58: =IF(G58="Attended","Attended",IF(G58="No-show","No-show","Excluded")) -> No-show
A59: A00058 | B59: P0207 | C59: D009 | D59: 45791 | E59: 45773 | F59: Neurology | G59: No-show | H59: 18 | I59: 08:30 | J59: 18-29 | K59: Suburban | L59: 3 | M59: 0.87 | N59: Neurologist | O59: Mon-Fri PM | P59: 18 | R59: Not Required | S59: No Response | U59: Wednesday | V59: FALSE | W59: FALSE | X59: Summer | Y59: =IF(G59="No-show",1,IF(G59="Attended",0,"")) -> 1 | Z59: =IF(H59="","Unknown",IF(H59<=3,"0-3 days",IF(H59<=7,"4-7 days",IF(H59<=14,"8-14 days",IF(H59<=30,"15-30 days","31+ days"))))) -> 15-30 days | AA59: =IF(M59="","Unknown",IF(M59<0.5,"Low",IF(M59<0.75,"Moderate",IF(M59<0.9,"Good","Very Good")))) -> Good | AB59: =IF(G59="Attended","Attended",IF(G59="No-show","No-show","Excluded")) -> No-show
A60: A00059 | B60: P0590 | C60: D006 | D60: 45746 | E60: 45691 | F60: Pediatrics | G60: No-show | H60: 55 | I60: 14:00 | J60: 0-17 | K60: Urban | L60: 2 | M60: 0.84 | N60: Pediatrician | O60: Mon-Fri PM | P60: 15 | Q60: Phone Call | R60: Yes | S60: No Response | T60: 45745 | U60: Sunday | V60: TRUE | W60: FALSE | X60: Summer | Y60: =IF(G60="No-show",1,IF(G60="Attended",0,"")) -> 1 | Z60: =IF(H60="","Unknown",IF(H60<=3,"0-3 days",IF(H60<=7,"4-7 days",IF(H60<=14,"8-14 days",IF(H60<=30,"15-30 days","31+ days"))))) -> 31+ days | AA60: =IF(M60="","Unknown",IF(M60<0.5,"Low",IF(M60<0.75,"Moderate",IF(M60<0.9,"Good","Very Good")))) -> Good | AB60: =IF(G60="Attended","Attended",IF(G60="No-show","No-show","Excluded")) -> No-show
A61: A00060 | B61: P0484 | C61: D017 | D61: 45989 | E61: 45936 | F61: ENT | G61: No-show | H61: 53 | I61: 14:00 | J61: 18-29 | K61: Suburban | L61: 3 | M61: 0.92 | N61: ENT Specialist | O61: Mon-Fri PM | P61: 18 | R61: Not Required | S61: No Response | U61: Friday | V61: FALSE | W61: FALSE | X61: Autumn | Y61: =IF(G61="No-show",1,IF(G61="Attended",0,"")) -> 1 | Z61: =IF(H61="","Unknown",IF(H61<=3,"0-3 days",IF(H61<=7,"4-7 days",IF(H61<=14,"8-14 days",IF(H61<=30,"15-30 days","31+ days"))))) -> 31+ days | AA61: =IF(M61="","Unknown",IF(M61<0.5,"Low",IF(M61<0.75,"Moderate",IF(M61<0.9,"Good","Very Good")))) -> Very Good | AB61: =IF(G61="Attended","Attended",IF(G61="No-show","No-show","Excluded")) -> No-show
A62: A00061 | B62: P0089 | C62: D021 | D62: 45764 | E62: 45710 | F62: ENT | G62: Cancelled | H62: 54 | I62: 16:00 | J62: 18-29 | K62: Urban | L62: 0 | M62: 0.74 | N62: ENT Specialist | O62: Mon-Sat AM | P62: 15 | Q62: Email | R62: Yes | S62: Confirmed | T62: 45763 | U62: Thursday | V62: FALSE | W62: FALSE | X62: Summer | Y62: =IF(G62="No-show",1,IF(G62="Attended",0,"")) | Z62: =IF(H62="","Unknown",IF(H62<=3,"0-3 days",IF(H62<=7,"4-7 days",IF(H62<=14,"8-14 days",IF(H62<=30,"15-30 days","31+ days"))))) -> 31+ days | AA62: =IF(M62="","Unknown",IF(M62<0.5,"Low",IF(M62<0.75,"Moderate",IF(M62<0.9,"Good","Very Good")))) -> Moderate | AB62: =IF(G62="Attended","Attended",IF(G62="No-show","No-show","Excluded")) -> Excluded
A63: A00062 | B63: P0096 | C63: D013 | D63: 45788 | E63: 45770 | F63: Dermatology | G63: No-show | H63: 18 | I63: 10:30 | J63: 45-59 | K63: Suburban | L63: 7 | M63: 0.95 | N63: Dermatologist | O63: Tue-Sat PM | P63: 18 | R63: Not Required | S63: No Response | U63: Sunday | V63: TRUE | W63: FALSE | X63: Summer | Y63: =IF(G63="No-show",1,IF(G63="Attended",0,"")) -> 1 | Z63: =IF(H63="","Unknown",IF(H63<=3,"0-3 days",IF(H63<=7,"4-7 days",IF(H63<=14,"8-14 days",IF(H63<=30,"15-30 days","31+ days"))))) -> 15-30 days | AA63: =IF(M63="","Unknown",IF(M63<0.5,"Low",IF(M63<0.75,"Moderate",IF(M63<0.9,"Good","Very Good")))) -> Very Good | AB63: =IF(G63="Attended","Attended",IF(G63="No-show","No-show","Excluded")) -> No-show
A64: A00063 | B64: P0002 | C64: D026 | D64: 45779 | E64: 45753 | F64: General Medicine | G64: No-show | H64: 26 | I64: 08:30 | J64: 30-44 | K64: Rural | L64: 4 | M64: 0.88 | N64: General Physician | O64: Mon-Sat AM | P64: 15 | Q64: Email | R64: Yes | S64: Confirmed | T64: 45777 | U64: Friday | V64: FALSE | W64: FALSE | X64: Summer | Y64: =IF(G64="No-show",1,IF(G64="Attended",0,"")) -> 1 | Z64: =IF(H64="","Unknown",IF(H64<=3,"0-3 days",IF(H64<=7,"4-7 days",IF(H64<=14,"8-14 days",IF(H64<=30,"15-30 days","31+ days"))))) -> 15-30 days | AA64: =IF(M64="","Unknown",IF(M64<0.5,"Low",IF(M64<0.75,"Moderate",IF(M64<0.9,"Good","Very Good")))) -> Good | AB64: =IF(G64="Attended","Attended",IF(G64="No-show","No-show","Excluded")) -> No-show
A65: A00064 | B65: P0365 | C65: D014 | D65: 45722 | E65: 45708 | F65: Dermatology | G65: No-show | H65: 14 | I65: 14:00 | J65: 45-59 | K65: Urban | L65: 3 | M65: 0.71 | N65: Dermatologist | O65: Tue-Sat PM | P65: 15 | Q65: SMS | R65: Yes | S65: Confirmed | T65: 45721 | U65: Thursday | V65: FALSE | W65: FALSE | X65: Summer | Y65: =IF(G65="No-show",1,IF(G65="Attended",0,"")) -> 1 | Z65: =IF(H65="","Unknown",IF(H65<=3,"0-3 days",IF(H65<=7,"4-7 days",IF(H65<=14,"8-14 days",IF(H65<=30,"15-30 days","31+ days"))))) -> 8-14 days | AA65: =IF(M65="","Unknown",IF(M65<0.5,"Low",IF(M65<0.75,"Moderate",IF(M65<0.9,"Good","Very Good")))) -> Moderate | AB65: =IF(G65="Attended","Attended",IF(G65="No-show","No-show","Excluded")) -> No-show
A66: A00065 | B66: P0231 | C66: D014 | D66: 45942 | E66: 45884 | F66: Dermatology | G66: Attended | H66: 58 | I66: 14:00 | J66: 18-29 | K66: Urban | L66: 3 | M66: 0.91 | N66: Dermatologist | O66: Tue-Sat PM | P66: 15 | Q66: SMS | R66: Yes | S66: Confirmed | T66: 45940 | U66: Sunday | V66: TRUE | W66: FALSE | X66: Autumn | Y66: =IF(G66="No-show",1,IF(G66="Attended",0,"")) -> 0 | Z66: =IF(H66="","Unknown",IF(H66<=3,"0-3 days",IF(H66<=7,"4-7 days",IF(H66<=14,"8-14 days",IF(H66<=30,"15-30 days","31+ days"))))) -> 31+ days | AA66: =IF(M66="","Unknown",IF(M66<0.5,"Low",IF(M66<0.75,"Moderate",IF(M66<0.9,"Good","Very Good")))) -> Very Good | AB66: =IF(G66="Attended","Attended",IF(G66="No-show","No-show","Excluded")) -> Attended
A67: A00066 | B67: P0244 | C67: D002 | D67: 45868 | E67: 45816 | F67: Pediatrics | G67: No-show | H67: 52 | I67: 13:30 | J67: 30-44 | K67: Urban | L67: 4 | M67: 0.67 | N67: Pediatrician | O67: Mon-Sat AM | P67: 15 | R67: Not Required | S67: No Response | U67: Wednesday | V67: FALSE | W67: FALSE | X67: Monsoon | Y67: =IF(G67="No-show",1,IF(G67="Attended",0,"")) -> 1 | Z67: =IF(H67="","Unknown",IF(H67<=3,"0-3 days",IF(H67<=7,"4-7 days",IF(H67<=14,"8-14 days",IF(H67<=30,"15-30 days","31+ days"))))) -> 31+ days | AA67: =IF(M67="","Unknown",IF(M67<0.5,"Low",IF(M67<0.75,"Moderate",IF(M67<0.9,"Good","Very Good")))) -> Moderate | AB67: =IF(G67="Attended","Attended",IF(G67="No-show","No-show","Excluded")) -> No-show
A68: A00067 | B68: P0332 | C68: D026 | D68: 45817 | E68: 45807 | F68: General Medicine | G68: No-show | H68: 10 | I68: 14:00 | J68: 18-29 | K68: Rural | L68: 5 | M68: 0.74 | N68: General Physician | O68: Mon-Sat AM | P68: 15 | Q68: SMS | R68: Yes | S68: Confirmed | T68: 45815 | U68: Monday | V68: FALSE | W68: FALSE | X68: Monsoon | Y68: =IF(G68="No-show",1,IF(G68="Attended",0,"")) -> 1 | Z68: =IF(H68="","Unknown",IF(H68<=3,"0-3 days",IF(H68<=7,"4-7 days",IF(H68<=14,"8-14 days",IF(H68<=30,"15-30 days","31+ days"))))) -> 8-14 days | AA68: =IF(M68="","Unknown",IF(M68<0.5,"Low",IF(M68<0.75,"Moderate",IF(M68<0.9,"Good","Very Good")))) -> Moderate | AB68: =IF(G68="Attended","Attended",IF(G68="No-show","No-show","Excluded")) -> No-show
A69: A00068 | B69: P0351 | C69: D005 | D69: 45802 | E69: 45787 | F69: General Medicine | G69: No-show | H69: 15 | I69: 09:00 | J69: 45-59 | K69: Urban | L69: 2 | M69: 0.78 | N69: General Physician | O69: Mon-Fri AM | P69: 12 | Q69: SMS | R69: Yes | T69: 45799 | U69: Sunday | V69: TRUE | W69: FALSE | X69: Summer | Y69: =IF(G69="No-show",1,IF(G69="Attended",0,"")) -> 1 | Z69: =IF(H69="","Unknown",IF(H69<=3,"0-3 days",IF(H69<=7,"4-7 days",IF(H69<=14,"8-14 days",IF(H69<=30,"15-30 days","31+ days"))))) -> 15-30 days | AA69: =IF(M69="","Unknown",IF(M69<0.5,"Low",IF(M69<0.75,"Moderate",IF(M69<0.9,"Good","Very Good")))) -> Good | AB69: =IF(G69="Attended","Attended",IF(G69="No-show","No-show","Excluded")) -> No-show
A70: A00069 | B70: P0001 | C70: D005 | D70: 45901 | E70: 45868 | F70: General Medicine | G70: Attended | H70: 33 | I70: 09:00 | J70: 45-59 | K70: Urban | L70: 3 | M70: 0.86 | N70: General Physician | O70: Mon-Fri AM | P70: 12 | Q70: Phone Call | R70: Yes | S70: No Response | T70: 45899 | U70: Monday | V70: FALSE | W70: FALSE | X70: Autumn | Y70: =IF(G70="No-show",1,IF(G70="Attended",0,"")) -> 0 | Z70: =IF(H70="","Unknown",IF(H70<=3,"0-3 days",IF(H70<=7,"4-7 days",IF(H70<=14,"8-14 days",IF(H70<=30,"15-30 days","31+ days"))))) -> 31+ days | AA70: =IF(M70="","Unknown",IF(M70<0.5,"Low",IF(M70<0.75,"Moderate",IF(M70<0.9,"Good","Very Good")))) -> Good | AB70: =IF(G70="Attended","Attended",IF(G70="No-show","No-show","Excluded")) -> Attended
A71: A00070 | B71: P0071 | C71: D027 | D71: 45693 | E71: 45668 | F71: ENT | G71: No-show | H71: 25 | I71: 11:00 | J71: 18-29 | K71: Suburban | L71: 3 | M71: 0.8 | N71: ENT Specialist | O71: Tue-Sat PM | P71: 12 | Q71: SMS | R71: Yes | S71: Confirmed | T71: 45691 | U71: Wednesday | V71: FALSE | W71: FALSE | X71: Winter | Y71: =IF(G71="No-show",1,IF(G71="Attended",0,"")) -> 1 | Z71: =IF(H71="","Unknown",IF(H71<=3,"0-3 days",IF(H71<=7,"4-7 days",IF(H71<=14,"8-14 days",IF(H71<=30,"15-30 days","31+ days"))))) -> 15-30 days | AA71: =IF(M71="","Unknown",IF(M71<0.5,"Low",IF(M71<0.75,"Moderate",IF(M71<0.9,"Good","Very Good")))) -> Good | AB71: =IF(G71="Attended","Attended",IF(G71="No-show","No-show","Excluded")) -> No-show
A72: A00071 | B72: P0513 | C72: D015 | D72: 45998 | E72: 45970 | F72: Cardiology | G72: Attended | H72: 28 | I72: 16:00 | J72: 0-17 | K72: Rural | L72: 3 | M72: 0.83 | N72: Cardiologist | O72: Mon-Sat AM | P72: 15 | Q72: SMS | R72: Yes | S72: Confirmed | T72: 45996 | U72: Sunday | V72: TRUE | W72: FALSE | X72: Winter | Y72: =IF(G72="No-show",1,IF(G72="Attended",0,"")) -> 0 | Z72: =IF(H72="","Unknown",IF(H72<=3,"0-3 days",IF(H72<=7,"4-7 days",IF(H72<=14,"8-14 days",IF(H72<=30,"15-30 days","31+ days"))))) -> 15-30 days | AA72: =IF(M72="","Unknown",IF(M72<0.5,"Low",IF(M72<0.75,"Moderate",IF(M72<0.9,"Good","Very Good")))) -> Good | AB72: =IF(G72="Attended","Attended",IF(G72="No-show","No-show","Excluded")) -> Attended
A73: A00072 | B73: P0620 | C73: D002 | D73: 45864 | E73: 45842 | F73: Pediatrics | G73: No-show | H73: 22 | I73: 13:30 | J73: 0-17 | K73: Suburban | L73: 4 | M73: 0.91 | N73: Pediatrician | O73: Mon-Sat AM | P73: 15 | Q73: SMS | R73: Yes | S73: Cancelled | T73: 45862 | U73: Saturday | V73: TRUE | W73: FALSE | X73: Monsoon | Y73: =IF(G73="No-show",1,IF(G73="Attended",0,"")) -> 1 | Z73: =IF(H73="","Unknown",IF(H73<=3,"0-3 days",IF(H73<=7,"4-7 days",IF(H73<=14,"8-14 days",IF(H73<=30,"15-30 days","31+ days"))))) -> 15-30 days | AA73: =IF(M73="","Unknown",IF(M73<0.5,"Low",IF(M73<0.75,"Moderate",IF(M73<0.9,"Good","Very Good")))) -> Very Good | AB73: =IF(G73="Attended","Attended",IF(G73="No-show","No-show","Excluded")) -> No-show
A74: A00073 | B74: P0545 | C74: D013 | D74: 45741 | E74: 45700 | F74: Dermatology | G74: Attended | H74: 41 | I74: 14:00 | J74: 18-29 | K74: Rural | L74: 4 | M74: 0.88 | N74: Dermatologist | O74: Tue-Sat PM | P74: 18 | Q74: SMS | R74: Yes | S74: No Response | T74: 45738 | U74: Tuesday | V74: FALSE | W74: FALSE | X74: Summer | Y74: =IF(G74="No-show",1,IF(G74="Attended",0,"")) -> 0 | Z74: =IF(H74="","Unknown",IF(H74<=3,"0-3 days",IF(H74<=7,"4-7 days",IF(H74<=14,"8-14 days",IF(H74<=30,"15-30 days","31+ days"))))) -> 31+ days | AA74: =IF(M74="","Unknown",IF(M74<0.5,"Low",IF(M74<0.75,"Moderate",IF(M74<0.9,"Good","Very Good")))) -> Good | AB74: =IF(G74="Attended","Attended",IF(G74="No-show","No-show","Excluded")) -> Attended
A75: A00074 | B75: P0590 | C75: D017 | D75: 45854 | E75: 45800 | F75: ENT | G75: No-show | H75: 54 | I75: 16:00 | J75: 0-17 | K75: Urban | L75: 2 | M75: 0.84 | N75: ENT Specialist | O75: Mon-Fri PM | P75: 18 | Q75: Email | R75: Yes | S75: No Response | T75: 45851 | U75: Wednesday | V75: FALSE | W75: FALSE | X75: Monsoon | Y75: =IF(G75="No-show",1,IF(G75="Attended",0,"")) -> 1 | Z75: =IF(H75="","Unknown",IF(H75<=3,"0-3 days",IF(H75<=7,"4-7 days",IF(H75<=14,"8-14 days",IF(H75<=30,"15-30 days","31+ days"))))) -> 31+ days | AA75: =IF(M75="","Unknown",IF(M75<0.5,"Low",IF(M75<0.75,"Moderate",IF(M75<0.9,"Good","Very Good")))) -> Good | AB75: =IF(G75="Attended","Attended",IF(G75="No-show","No-show","Excluded")) -> No-show
A76: A00075 | B76: P0302 | C76: D001 | D76: 45968 | E76: 45913 | F76: ENT | G76: No-show | H76: 55 | I76: 10:30 | J76: 18-29 | K76: Urban | L76: 4 | M76: 0.56 | N76: ENT Specialist | O76: Mon-Sat AM | P76: 20 | Q76: SMS | R76: Yes | S76: No Response | T76: 45967 | U76: Friday | V76: FALSE | W76: FALSE | X76: Autumn | Y76: =IF(G76="No-show",1,IF(G76="Attended",0,"")) -> 1 | Z76: =IF(H76="","Unknown",IF(H76<=3,"0-3 days",IF(H76<=7,"4-7 days",IF(H76<=14,"8-14 days",IF(H76<=30,"15-30 days","31+ days"))))) -> 31+ days | AA76: =IF(M76="","Unknown",IF(M76<0.5,"Low",IF(M76<0.75,"Moderate",IF(M76<0.9,"Good","Very Good")))) -> Moderate | AB76: =IF(G76="Attended","Attended",IF(G76="No-show","No-show","Excluded")) -> No-show
A77: A00076 | B77: P0538 | C77: D022 | D77: 45721 | E77: 45694 | F77: Pediatrics | G77: Attended | H77: 27 | I77: 11:00 | J77: 18-29 | K77: Rural | L77: 12 | M77: 0.83 | N77: Pediatrician | O77: Mon-Sat AM | P77: 15 | Q77: Phone Call | R77: No | S77: Unknown | U77: Wednesday | V77: FALSE | W77: FALSE | X77: Summer | Y77: =IF(G77="No-show",1,IF(G77="Attended",0,"")) -> 0 | Z77: =IF(H77="","Unknown",IF(H77<=3,"0-3 days",IF(H77<=7,"4-7 days",IF(H77<=14,"8-14 days",IF(H77<=30,"15-30 days","31+ days"))))) -> 15-30 days | AA77: =IF(M77="","Unknown",IF(M77<0.5,"Low",IF(M77<0.75,"Moderate",IF(M77<0.9,"Good","Very Good")))) -> Good | AB77: =IF(G77="Attended","Attended",IF(G77="No-show","No-show","Excluded")) -> Attended
A78: A00077 | B78: P0574 | C78: D019 | D78: 45849 | E78: 45799 | F78: Pediatrics | G78: No-show | H78: 50 | I78: 14:00 | J78: 45-59 | K78: Suburban | L78: 6 | M78: 0.88 | N78: Pediatrician | O78: Mon-Fri AM | P78: 12 | Q78: SMS | R78: Yes | S78: No Response | T78: 45846 | U78: Friday | V78: FALSE | W78: FALSE | X78: Monsoon | Y78: =IF(G78="No-show",1,IF(G78="Attended",0,"")) -> 1 | Z78: =IF(H78="","Unknown",IF(H78<=3,"0-3 days",IF(H78<=7,"4-7 days",IF(H78<=14,"8-14 days",IF(H78<=30,"15-30 days","31+ days"))))) -> 31+ days | AA78: =IF(M78="","Unknown",IF(M78<0.5,"Low",IF(M78<0.75,"Moderate",IF(M78<0.9,"Good","Very Good")))) -> Good | AB78: =IF(G78="Attended","Attended",IF(G78="No-show","No-show","Excluded")) -> No-show
A79: A00078 | B79: P0581 | C79: D001 | D79: 45876 | E79: 45834 | F79: ENT | G79: Cancelled | H79: 42 | I79: 09:00 | J79: 30-44 | K79: Urban | L79: 3 | M79: 0.73 | N79: ENT Specialist | O79: Mon-Sat AM | P79: 20 | Q79: Phone Call | R79: Yes | S79: Cancelled | T79: 45873 | U79: Thursday | V79: FALSE | W79: FALSE | X79: Monsoon | Y79: =IF(G79="No-show",1,IF(G79="Attended",0,"")) | Z79: =IF(H79="","Unknown",IF(H79<=3,"0-3 days",IF(H79<=7,"4-7 days",IF(H79<=14,"8-14 days",IF(H79<=30,"15-30 days","31+ days"))))) -> 31+ days | AA79: =IF(M79="","Unknown",IF(M79<0.5,"Low",IF(M79<0.75,"Moderate",IF(M79<0.9,"Good","Very Good")))) -> Moderate | AB79: =IF(G79="Attended","Attended",IF(G79="No-show","No-show","Excluded")) -> Excluded
A80: A00079 | B80: P0098 | C80: D018 | D80: 45953 | E80: 45941 | F80: Neurology | G80: Attended | H80: 12 | I80: 11:00 | J80: 0-17 | K80: Urban | L80: 5 | M80: 0.64 | N80: Neurologist | O80: Mon-Sat AM | P80: 15 | Q80: SMS | R80: Yes | S80: No Response | T80: 45952 | U80: Thursday | V80: FALSE | W80: FALSE | X80: Autumn | Y80: =IF(G80="No-show",1,IF(G80="Attended",0,"")) -> 0 | Z80: =IF(H80="","Unknown",IF(H80<=3,"0-3 days",IF(H80<=7,"4-7 days",IF(H80<=14,"8-14 days",IF(H80<=30,"15-30 days","31+ days"))))) -> 8-14 days | AA80: =IF(M80="","Unknown",IF(M80<0.5,"Low",IF(M80<0.75,"Moderate",IF(M80<0.9,"Good","Very Good")))) -> Moderate | AB80: =IF(G80="Attended","Attended",IF(G80="No-show","No-show","Excluded")) -> Attended
A81: A00080 | B81: P0096 | C81: D007 | D81: 45865 | E81: 45817 | F81: Orthopedics | G81: Attended | H81: 48 | I81: 13:30 | J81: 45-59 | K81: Suburban | L81: 7 | M81: 0.95 | N81: Orthopedic Surgeon | O81: Mon-Sat AM | P81: 18 | Q81: SMS | R81: Yes | S81: Confirmed | T81: 45863 | U81: Sunday | V81: TRUE | W81: FALSE | X81: Monsoon | Y81: =IF(G81="No-show",1,IF(G81="Attended",0,"")) -> 0 | Z81: =IF(H81="","Unknown",IF(H81<=3,"0-3 days",IF(H81<=7,"4-7 days",IF(H81<=14,"8-14 days",IF(H81<=30,"15-30 days","31+ days"))))) -> 31+ days | AA81: =IF(M81="","Unknown",IF(M81<0.5,"Low",IF(M81<0.75,"Moderate",IF(M81<0.9,"Good","Very Good")))) -> Very Good | AB81: =IF(G81="Attended","Attended",IF(G81="No-show","No-show","Excluded")) -> Attended
A82: A00081 | B82: P0262 | C82: D021 | D82: 45926 | E82: 45905 | F82: ENT | G82: No-show | H82: 21 | I82: 10:30 | J82: 60+ | K82: Rural | L82: 3 | M82: 0.61 | N82: ENT Specialist | O82: Mon-Sat AM | P82: 15 | R82: Not Required | S82: No Response | U82: Friday | V82: FALSE | W82: FALSE | X82: Autumn | Y82: =IF(G82="No-show",1,IF(G82="Attended",0,"")) -> 1 | Z82: =IF(H82="","Unknown",IF(H82<=3,"0-3 days",IF(H82<=7,"4-7 days",IF(H82<=14,"8-14 days",IF(H82<=30,"15-30 days","31+ days"))))) -> 15-30 days | AA82: =IF(M82="","Unknown",IF(M82<0.5,"Low",IF(M82<0.75,"Moderate",IF(M82<0.9,"Good","Very Good")))) -> Moderate | AB82: =IF(G82="Attended","Attended",IF(G82="No-show","No-show","Excluded")) -> No-show
A83: A00082 | B83: P0328 | C83: D011 | D83: 45940 | E83: 45902 | F83: ENT | G83: No-show | H83: 38 | I83: 09:00 | J83: 30-44 | K83: Urban | L83: 3 | M83: 0.88 | N83: ENT Specialist | O83: Tue-Sat PM | P83: 12 | Q83: SMS | R83: Yes | S83: Confirmed | T83: 45938 | U83: Friday | V83: FALSE | W83: FALSE | X83: Autumn | Y83: =IF(G83="No-show",1,IF(G83="Attended",0,"")) -> 1 | Z83: =IF(H83="","Unknown",IF(H83<=3,"0-3 days",IF(H83<=7,"4-7 days",IF(H83<=14,"8-14 days",IF(H83<=30,"15-30 days","31+ days"))))) -> 31+ days | AA83: =IF(M83="","Unknown",IF(M83<0.5,"Low",IF(M83<0.75,"Moderate",IF(M83<0.9,"Good","Very Good")))) -> Good | AB83: =IF(G83="Attended","Attended",IF(G83="No-show","No-show","Excluded")) -> No-show
A84: A00083 | B84: P0623 | C84: D006 | D84: 45983 | E84: 45940 | F84: Pediatrics | G84: No-show | H84: 43 | I84: 11:00 | J84: 60+ | K84: Urban | L84: 5 | M84: 0.87 | N84: Pediatrician | O84: Mon-Fri PM | P84: 15 | Q84: Email | R84: Yes | S84: No Response | T84: 45981 | U84: Saturday | V84: TRUE | W84: FALSE | X84: Autumn | Y84: =IF(G84="No-show",1,IF(G84="Attended",0,"")) -> 1 | Z84: =IF(H84="","Unknown",IF(H84<=3,"0-3 days",IF(H84<=7,"4-7 days",IF(H84<=14,"8-14 days",IF(H84<=30,"15-30 days","31+ days"))))) -> 31+ days | AA84: =IF(M84="","Unknown",IF(M84<0.5,"Low",IF(M84<0.75,"Moderate",IF(M84<0.9,"Good","Very Good")))) -> Good | AB84: =IF(G84="Attended","Attended",IF(G84="No-show","No-show","Excluded")) -> No-show
A85: A00084 | B85: P0207 | C85: D015 | D85: 45789 | E85: 45732 | F85: Cardiology | G85: Attended | H85: 57 | I85: 16:00 | J85: 18-29 | K85: Suburban | L85: 3 | M85: 0.87 | N85: Cardiologist | O85: Mon-Sat AM | P85: 15 | Q85: SMS | R85: Yes | S85: Cancelled | T85: 45786 | U85: Monday | V85: FALSE | W85: FALSE | X85: Summer | Y85: =IF(G85="No-show",1,IF(G85="Attended",0,"")) -> 0 | Z85: =IF(H85="","Unknown",IF(H85<=3,"0-3 days",IF(H85<=7,"4-7 days",IF(H85<=14,"8-14 days",IF(H85<=30,"15-30 days","31+ days"))))) -> 31+ days | AA85: =IF(M85="","Unknown",IF(M85<0.5,"Low",IF(M85<0.75,"Moderate",IF(M85<0.9,"Good","Very Good")))) -> Good | AB85: =IF(G85="Attended","Attended",IF(G85="No-show","No-show","Excluded")) -> Attended
A86: A00085 | B86: P0541 | C86: D013 | D86: 45914 | E86: 45857 | F86: Dermatology | G86: Attended | H86: 57 | I86: 11:00 | J86: 60+ | K86: Urban | L86: 4 | M86: 0.86 | N86: Dermatologist | O86: Tue-Sat PM | P86: 18 | Q86: SMS | R86: Yes | S86: Confirmed | T86: 45913 | U86: Sunday | V86: TRUE | W86: FALSE | X86: Autumn | Y86: =IF(G86="No-show",1,IF(G86="Attended",0,"")) -> 0 | Z86: =IF(H86="","Unknown",IF(H86<=3,"0-3 days",IF(H86<=7,"4-7 days",IF(H86<=14,"8-14 days",IF(H86<=30,"15-30 days","31+ days"))))) -> 31+ days | AA86: =IF(M86="","Unknown",IF(M86<0.5,"Low",IF(M86<0.75,"Moderate",IF(M86<0.9,"Good","Very Good")))) -> Good | AB86: =IF(G86="Attended","Attended",IF(G86="No-show","No-show","Excluded")) -> Attended
A87: A00086 | B87: P0577 | C87: D010 | D87: 45748 | E87: 45700 | F87: Cardiology | G87: No-show | H87: 48 | I87: 15:30 | J87: 60+ | K87: Urban | L87: 1 | M87: 0.69 | N87: Cardiologist | O87: Mon-Sat AM | P87: 20 | Q87: SMS | R87: Yes | S87: No Response | T87: 45746 | U87: Tuesday | V87: FALSE | W87: FALSE | X87: Summer | Y87: =IF(G87="No-show",1,IF(G87="Attended",0,"")) -> 1 | Z87: =IF(H87="","Unknown",IF(H87<=3,"0-3 days",IF(H87<=7,"4-7 days",IF(H87<=14,"8-14 days",IF(H87<=30,"15-30 days","31+ days"))))) -> 31+ days | AA87: =IF(M87="","Unknown",IF(M87<0.5,"Low",IF(M87<0.75,"Moderate",IF(M87<0.9,"Good","Very Good")))) -> Moderate | AB87: =IF(G87="Attended","Attended",IF(G87="No-show","No-show","Excluded")) -> No-show
A88: A00087 | B88: P0628 | C88: D025 | D88: 45966 | E88: 45936 | F88: Orthopedics | G88: Attended | H88: 30 | I88: 14:00 | J88: 0-17 | K88: Urban | L88: 7 | M88: 0.9 | N88: Orthopedic Surgeon | O88: Mon-Fri AM | P88: 12 | R88: Not Required | S88: No Response | U88: Wednesday | V88: FALSE | W88: FALSE | X88: Autumn | Y88: =IF(G88="No-show",1,IF(G88="Attended",0,"")) -> 0 | Z88: =IF(H88="","Unknown",IF(H88<=3,"0-3 days",IF(H88<=7,"4-7 days",IF(H88<=14,"8-14 days",IF(H88<=30,"15-30 days","31+ days"))))) -> 15-30 days | AA88: =IF(M88="","Unknown",IF(M88<0.5,"Low",IF(M88<0.75,"Moderate",IF(M88<0.9,"Good","Very Good")))) -> Very Good | AB88: =IF(G88="Attended","Attended",IF(G88="No-show","No-show","Excluded")) -> Attended
A89: A00088 | B89: P0124 | C89: D019 | D89: 46005 | E89: 45981 | F89: Pediatrics | G89: Cancelled | H89: 24 | I89: 09:00 | J89: 30-44 | K89: Rural | L89: 2 | M89: 0.53 | N89: Pediatrician | O89: Mon-Fri AM | P89: 12 | Q89: SMS | R89: Yes | S89: Cancelled | T89: 46003 | U89: Sunday | V89: TRUE | W89: FALSE | X89: Winter | Y89: =IF(G89="No-show",1,IF(G89="Attended",0,"")) | Z89: =IF(H89="","Unknown",IF(H89<=3,"0-3 days",IF(H89<=7,"4-7 days",IF(H89<=14,"8-14 days",IF(H89<=30,"15-30 days","31+ days"))))) -> 15-30 days | AA89: =IF(M89="","Unknown",IF(M89<0.5,"Low",IF(M89<0.75,"Moderate",IF(M89<0.9,"Good","Very Good")))) -> Moderate | AB89: =IF(G89="Attended","Attended",IF(G89="No-show","No-show","Excluded")) -> Excluded
A90: A00089 | B90: P0158 | C90: D014 | D90: 45765 | E90: 45739 | F90: Dermatology | G90: Attended | H90: 26 | I90: 16:00 | J90: 45-59 | K90: Urban | L90: 2 | M90: 0.72 | N90: Dermatologist | O90: Tue-Sat PM | P90: 15 | Q90: SMS | R90: No | S90: Unknown | U90: Friday | V90: FALSE | W90: FALSE | X90: Summer | Y90: =IF(G90="No-show",1,IF(G90="Attended",0,"")) -> 0 | Z90: =IF(H90="","Unknown",IF(H90<=3,"0-3 days",IF(H90<=7,"4-7 days",IF(H90<=14,"8-14 days",IF(H90<=30,"15-30 days","31+ days"))))) -> 15-30 days | AA90: =IF(M90="","Unknown",IF(M90<0.5,"Low",IF(M90<0.75,"Moderate",IF(M90<0.9,"Good","Very Good")))) -> Moderate | AB90: =IF(G90="Attended","Attended",IF(G90="No-show","No-show","Excluded")) -> Attended
A91: A00090 | B91: P0143 | C91: D007 | D91: 45862 | E91: 45805 | F91: Orthopedics | G91: No-show | H91: 57 | I91: 13:30 | J91: 60+ | K91: Urban | L91: 4 | M91: 0.92 | N91: Orthopedic Surgeon | O91: Mon-Sat AM | P91: 18 | Q91: Phone Call | R91: No | S91: Unknown | U91: Thursday | V91: FALSE | W91: FALSE | X91: Monsoon | Y91: =IF(G91="No-show",1,IF(G91="Attended",0,"")) -> 1 | Z91: =IF(H91="","Unknown",IF(H91<=3,"0-3 days",IF(H91<=7,"4-7 days",IF(H91<=14,"8-14 days",IF(H91<=30,"15-30 days","31+ days"))))) -> 31+ days | AA91: =IF(M91="","Unknown",IF(M91<0.5,"Low",IF(M91<0.75,"Moderate",IF(M91<0.9,"Good","Very Good")))) -> Very Good | AB91: =IF(G91="Attended","Attended",IF(G91="No-show","No-show","Excluded")) -> No-show
A92: A00091 | B92: P0478 | C92: D016 | D92: 45958 | E92: 45946 | F92: Cardiology | G92: No-show | H92: 12 | I92: 13:30 | J92: 45-59 | K92: Suburban | L92: 2 | M92: 0.72 | N92: Cardiologist | O92: Mon-Fri PM | P92: 18 | Q92: SMS | R92: Yes | S92: Confirmed | T92: 45957 | U92: Tuesday | V92: FALSE | W92: FALSE | X92: Autumn | Y92: =IF(G92="No-show",1,IF(G92="Attended",0,"")) -> 1 | Z92: =IF(H92="","Unknown",IF(H92<=3,"0-3 days",IF(H92<=7,"4-7 days",IF(H92<=14,"8-14 days",IF(H92<=30,"15-30 days","31+ days"))))) -> 8-14 days | AA92: =IF(M92="","Unknown",IF(M92<0.5,"Low",IF(M92<0.75,"Moderate",IF(M92<0.9,"Good","Very Good")))) -> Moderate | AB92: =IF(G92="Attended","Attended",IF(G92="No-show","No-show","Excluded")) -> No-show
A93: A00092 | B93: P0447 | C93: D001 | D93: 45667 | E93: 45636 | F93: ENT | G93: Cancelled | H93: 31 | I93: 14:00 | J93: 60+ | K93: Urban | L93: 1 | M93: 0.8 | N93: ENT Specialist | O93: Mon-Sat AM | P93: 20 | Q93: Email | R93: Yes | S93: No Response | T93: 45664 | U93: Friday | V93: FALSE | W93: FALSE | X93: Winter | Y93: =IF(G93="No-show",1,IF(G93="Attended",0,"")) | Z93: =IF(H93="","Unknown",IF(H93<=3,"0-3 days",IF(H93<=7,"4-7 days",IF(H93<=14,"8-14 days",IF(H93<=30,"15-30 days","31+ days"))))) -> 31+ days | AA93: =IF(M93="","Unknown",IF(M93<0.5,"Low",IF(M93<0.75,"Moderate",IF(M93<0.9,"Good","Very Good")))) -> Good | AB93: =IF(G93="Attended","Attended",IF(G93="No-show","No-show","Excluded")) -> Excluded
A94: A00093 | B94: P0265 | C94: D025 | D94: 45915 | E94: 45874 | F94: Orthopedics | G94: Attended | H94: 41 | I94: 08:30 | J94: 60+ | K94: Rural | L94: 1 | M94: 0.52 | N94: Orthopedic Surgeon | O94: Mon-Fri AM | P94: 12 | R94: Not Required | S94: No Response | U94: Monday | V94: FALSE | W94: FALSE | X94: Autumn | Y94: =IF(G94="No-show",1,IF(G94="Attended",0,"")) -> 0 | Z94: =IF(H94="","Unknown",IF(H94<=3,"0-3 days",IF(H94<=7,"4-7 days",IF(H94<=14,"8-14 days",IF(H94<=30,"15-30 days","31+ days"))))) -> 31+ days | AA94: =IF(M94="","Unknown",IF(M94<0.5,"Low",IF(M94<0.75,"Moderate",IF(M94<0.9,"Good","Very Good")))) -> Moderate | AB94: =IF(G94="Attended","Attended",IF(G94="No-show","No-show","Excluded")) -> Attended
A95: A00094 | B95: P0058 | C95: D001 | D95: 45957 | E95: 45956 | F95: ENT | G95: Attended | H95: 1 | I95: 10:30 | J95: 30-44 | K95: Suburban | L95: 0 | M95: 0.63 | N95: ENT Specialist | O95: Mon-Sat AM | P95: 20 | Q95: Phone Call | R95: Yes | S95: Confirmed | T95: 45955 | U95: Monday | V95: FALSE | W95: FALSE | X95: Autumn | Y95: =IF(G95="No-show",1,IF(G95="Attended",0,"")) -> 0 | Z95: =IF(H95="","Unknown",IF(H95<=3,"0-3 days",IF(H95<=7,"4-7 days",IF(H95<=14,"8-14 days",IF(H95<=30,"15-30 days","31+ days"))))) -> 0-3 days | AA95: =IF(M95="","Unknown",IF(M95<0.5,"Low",IF(M95<0.75,"Moderate",IF(M95<0.9,"Good","Very Good")))) -> Moderate | AB95: =IF(G95="Attended","Attended",IF(G95="No-show","No-show","Excluded")) -> Attended
A96: A00095 | B96: P0339 | C96: D020 | D96: 45975 | E96: 45937 | F96: Cardiology | G96: No-show | H96: 38 | I96: 15:30 | J96: 0-17 | K96: Urban | L96: 5 | M96: 0.64 | N96: Cardiologist | O96: Mon-Sat AM | P96: 12 | Q96: SMS | R96: Yes | S96: Confirmed | T96: 45974 | U96: Friday | V96: FALSE | W96: FALSE | X96: Autumn | Y96: =IF(G96="No-show",1,IF(G96="Attended",0,"")) -> 1 | Z96: =IF(H96="","Unknown",IF(H96<=3,"0-3 days",IF(H96<=7,"4-7 days",IF(H96<=14,"8-14 days",IF(H96<=30,"15-30 days","31+ days"))))) -> 31+ days | AA96: =IF(M96="","Unknown",IF(M96<0.5,"Low",IF(M96<0.75,"Moderate",IF(M96<0.9,"Good","Very Good")))) -> Moderate | AB96: =IF(G96="Attended","Attended",IF(G96="No-show","No-show","Excluded")) -> No-show
A97: A00096 | B97: P0477 | C97: D010 | D97: 45729 | E97: 45714 | F97: Cardiology | G97: Attended | H97: 15 | I97: 14:00 | J97: 30-44 | K97: Suburban | L97: 3 | M97: 0.83 | N97: Cardiologist | O97: Mon-Sat AM | P97: 20 | Q97: SMS | R97: Yes | S97: No Response | T97: 45728 | U97: Thursday | V97: FALSE | W97: FALSE | X97: Summer | Y97: =IF(G97="No-show",1,IF(G97="Attended",0,"")) -> 0 | Z97: =IF(H97="","Unknown",IF(H97<=3,"0-3 days",IF(H97<=7,"4-7 days",IF(H97<=14,"8-14 days",IF(H97<=30,"15-30 days","31+ days"))))) -> 15-30 days | AA97: =IF(M97="","Unknown",IF(M97<0.5,"Low",IF(M97<0.75,"Moderate",IF(M97<0.9,"Good","Very Good")))) -> Good | AB97: =IF(G97="Attended","Attended",IF(G97="No-show","No-show","Excluded")) -> Attended
A98: A00097 | B98: P0309 | C98: D021 | D98: 45934 | E98: 45917 | F98: ENT | G98: Attended | H98: 17 | I98: 11:00 | J98: 18-29 | K98: Suburban | L98: 5 | M98: 0.67 | N98: ENT Specialist | O98: Mon-Sat AM | P98: 15 | R98: Not Required | S98: No Response | U98: Saturday | V98: TRUE | W98: FALSE | X98: Autumn | Y98: =IF(G98="No-show",1,IF(G98="Attended",0,"")) -> 0 | Z98: =IF(H98="","Unknown",IF(H98<=3,"0-3 days",IF(H98<=7,"4-7 days",IF(H98<=14,"8-14 days",IF(H98<=30,"15-30 days","31+ days"))))) -> 15-30 days | AA98: =IF(M98="","Unknown",IF(M98<0.5,"Low",IF(M98<0.75,"Moderate",IF(M98<0.9,"Good","Very Good")))) -> Moderate | AB98: =IF(G98="Attended","Attended",IF(G98="No-show","No-show","Excluded")) -> Attended
A99: A00098 | B99: P0175 | C99: D011 | D99: 45944 | E99: 45907 | F99: ENT | G99: Attended | H99: 37 | I99: 11:00 | J99: 18-29 | K99: Rural | L99: 6 | M99: 0.83 | N99: ENT Specialist | O99: Tue-Sat PM | P99: 12 | Q99: Phone Call | R99: Yes | S99: No Response | T99: 45943 | U99: Tuesday | V99: FALSE | W99: FALSE | X99: Autumn | Y99: =IF(G99="No-show",1,IF(G99="Attended",0,"")) -> 0 | Z99: =IF(H99="","Unknown",IF(H99<=3,"0-3 days",IF(H99<=7,"4-7 days",IF(H99<=14,"8-14 days",IF(H99<=30,"15-30 days","31+ days"))))) -> 31+ days | AA99: =IF(M99="","Unknown",IF(M99<0.5,"Low",IF(M99<0.75,"Moderate",IF(M99<0.9,"Good","Very Good")))) -> Good | AB99: =IF(G99="Attended","Attended",IF(G99="No-show","No-show","Excluded")) -> Attended
A100: A00099 | B100: P0385 | C100: D001 | D100: 45659 | E100: 45659 | F100: ENT | G100: No-show | H100: 0 | I100: 13:30 | J100: 30-44 | K100: Urban | L100: 0 | M100: 0.64 | N100: ENT Specialist | O100: Mon-Sat AM | P100: 20 | Q100: SMS | R100: Yes | S100: No Response | T100: 45657 | U100: Thursday | V100: FALSE | W100: FALSE | X100: Winter | Y100: =IF(G100="No-show",1,IF(G100="Attended",0,"")) -> 1 | Z100: =IF(H100="","Unknown",IF(H100<=3,"0-3 days",IF(H100<=7,"4-7 days",IF(H100<=14,"8-14 days",IF(H100<=30,"15-30 days","31+ days"))))) -> 0-3 days | AA100: =IF(M100="","Unknown",IF(M100<0.5,"Low",IF(M100<0.75,"Moderate",IF(M100<0.9,"Good","Very Good")))) -> Moderate | AB100: =IF(G100="Attended","Attended",IF(G100="No-show","No-show","Excluded")) -> No-show
...
